date,current_energy_generation,realized_load,temperature_celsius
2015-01-01 00:00:00+00:00,12195.333333333334,11424.09375,1.9124999999999999
2015-01-02 00:00:00+00:00,14618.424479166666,13423.6796875,2.5500000000000003
2015-01-03 00:00:00+00:00,13625.2109375,12661.630208333334,1.2916666666666667
2015-01-04 00:00:00+00:00,12745.78125,12272.270833333334,2.4291666666666667
2015-01-05 00:00:00+00:00,14732.705729166666,14900.8828125,0.1416666666666667
2015-01-06 00:00:00+00:00,14812.1171875,14947.098958333334,-2.025
2015-01-07 00:00:00+00:00,16227.065104166666,16166.359375,1.5916666666666668
2015-01-08 00:00:00+00:00,17083.440104166668,16370.015625,5.2
2015-01-09 00:00:00+00:00,16965.286458333332,16151.854166666666,8.016666666666667
2015-01-10 00:00:00+00:00,14674.526041666666,13815.7890625,10.516666666666667
2015-01-11 00:00:00+00:00,13919.229166666666,12991.794270833334,4.079166666666667
2015-01-12 00:00:00+00:00,15370.486979166666,16417.671875,5.579166666666667
2015-01-13 00:00:00+00:00,15408.200520833334,16207.0078125,8.433333333333334
2015-01-14 00:00:00+00:00,15061.90625,16214.611979166666,5.166666666666667
2015-01-15 00:00:00+00:00,17107.932291666668,16458.994791666668,7.308333333333334
2015-01-16 00:00:00+00:00,15791.90625,15965.614583333334,6.25
2015-01-17 00:00:00+00:00,14049.565104166666,13808.138020833334,2.716666666666667
2015-01-18 00:00:00+00:00,13659.111979166666,12964.8984375,0.25
2015-01-19 00:00:00+00:00,15175.338541666666,16297.114583333334,0.3333333333333333
2015-01-20 00:00:00+00:00,15535.994791666666,16623.708333333332,0.4708333333333334
2015-01-21 00:00:00+00:00,15819.677083333334,16614.013020833332,0.029166666666666684
2015-01-22 00:00:00+00:00,15877.880208333334,16727.9296875,0.8416666666666667
2015-01-23 00:00:00+00:00,15389.713541666666,16459.682291666668,1.0041666666666667
2015-01-24 00:00:00+00:00,14557.760416666666,14443.080729166666,0.05833333333333334
2015-01-25 00:00:00+00:00,13601.041666666666,13185.015625,1.5583333333333333
2015-01-26 00:00:00+00:00,16566.7890625,16521.7578125,1.375
2015-01-27 00:00:00+00:00,16736.3046875,16574.739583333332,2.4041666666666663
2015-01-28 00:00:00+00:00,17351.296875,16801.270833333332,2.8166666666666664
2015-01-29 00:00:00+00:00,16982.25,16634.807291666668,1.4458333333333335
2015-01-30 00:00:00+00:00,15355.677083333334,16276.692708333334,1.0583333333333333
2015-01-31 00:00:00+00:00,14354.002604166666,13961.455729166666,0.6958333333333333
2015-02-01 00:00:00+00:00,13516.963541666666,13051.994791666666,0.49583333333333335
2015-02-02 00:00:00+00:00,16505.7109375,16641.166666666668,0.7999999999999999
2015-02-03 00:00:00+00:00,16233.494791666666,16887.614583333332,-0.17916666666666667
2015-02-04 00:00:00+00:00,15942.861979166666,16941.567708333332,-1.8
2015-02-05 00:00:00+00:00,16485.924479166668,16910.526041666668,-2.1458333333333335
2015-02-06 00:00:00+00:00,16573.645833333332,16634.7421875,-1.1833333333333333
2015-02-07 00:00:00+00:00,14812.408854166666,14468.322916666666,-0.8541666666666666
2015-02-08 00:00:00+00:00,14336.856770833334,13364.106770833334,1.4166666666666667
2015-02-09 00:00:00+00:00,16949.028645833332,16652.778645833332,2.8625000000000003
2015-02-10 00:00:00+00:00,16223.236979166666,16658.359375,3.858333333333333
2015-02-11 00:00:00+00:00,15723.455729166666,16625.3671875,1.5999999999999999
2015-02-12 00:00:00+00:00,15768.494791666666,16594.734375,0.7458333333333332
2015-02-13 00:00:00+00:00,16131.9296875,16261.596354166666,1.4708333333333334
2015-02-14 00:00:00+00:00,14524.458333333334,13984.9140625,1.5374999999999999
2015-02-15 00:00:00+00:00,13858.760416666666,12952.6953125,0.6833333333333332
2015-02-16 00:00:00+00:00,16137.692708333334,15802.723958333334,1.3291666666666666
2015-02-17 00:00:00+00:00,15779.705729166666,16464.71875,1.375
2015-02-18 00:00:00+00:00,16344.057291666666,16568.1875,2.4166666666666665
2015-02-19 00:00:00+00:00,17172.7109375,16633.221354166668,0.49583333333333335
2015-02-20 00:00:00+00:00,16871.955729166668,16173.963541666666,4.520833333333333
2015-02-21 00:00:00+00:00,14421.583333333334,13873.307291666666,4.445833333333334
2015-02-22 00:00:00+00:00,13377.955729166666,12930.109375,2.5
2015-02-23 00:00:00+00:00,16613.697916666668,16415.78125,2.275
2015-02-24 00:00:00+00:00,16927.453125,16504.778645833332,3.2541666666666664
2015-02-25 00:00:00+00:00,15897.6015625,16278.0546875,2.6833333333333336
2015-02-26 00:00:00+00:00,16704.7890625,16266.049479166666,4.495833333333334
2015-02-27 00:00:00+00:00,16193.958333333334,16118.734375,2.65
2015-02-28 00:00:00+00:00,14557.330729166666,13822.966145833334,2.3833333333333333
2015-03-01 00:00:00+00:00,14783.333333333334,12858.203125,5.479166666666667
2015-03-02 00:00:00+00:00,17685.401041666668,15984.65625,6.191666666666666
2015-03-03 00:00:00+00:00,17441.9375,16254.588541666666,5.008333333333334
2015-03-04 00:00:00+00:00,17206.393229166668,16389.018229166668,3.5833333333333335
2015-03-05 00:00:00+00:00,16424.75,16269.731770833334,4.158333333333333
2015-03-06 00:00:00+00:00,15986.408854166666,15921.9921875,4.0625
2015-03-07 00:00:00+00:00,14664.7421875,13564.596354166666,4.066666666666666
2015-03-08 00:00:00+00:00,13629.239583333334,12249.2734375,6.633333333333333
2015-03-09 00:00:00+00:00,15400.588541666666,15472.484375,6.8125
2015-03-10 00:00:00+00:00,16056.278645833334,15895.3125,5.8500000000000005
2015-03-11 00:00:00+00:00,15951.473958333334,15843.453125,3.745833333333333
2015-03-12 00:00:00+00:00,15495.411458333334,15856.153645833334,3.975
2015-03-13 00:00:00+00:00,15778.481770833334,15704.888020833334,3.4
2015-03-14 00:00:00+00:00,14106.6015625,13668.565104166666,3.579166666666667
2015-03-15 00:00:00+00:00,13107.278645833334,12629.6875,4.8500000000000005
2015-03-16 00:00:00+00:00,16088.377604166666,15572.596354166666,6.616666666666666
2015-03-17 00:00:00+00:00,15758.369791666666,15472.473958333334,8.020833333333334
2015-03-18 00:00:00+00:00,15975.8203125,15382.6328125,9.075000000000001
2015-03-19 00:00:00+00:00,15742.9296875,15490.908854166666,8.754166666666666
2015-03-20 00:00:00+00:00,15327.0703125,15342.7109375,7.520833333333333
2015-03-21 00:00:00+00:00,13904.955729166666,13467.572916666666,4.579166666666667
2015-03-22 00:00:00+00:00,12820.973958333334,12295.778645833334,4.458333333333333
2015-03-23 00:00:00+00:00,14937.893229166666,15394.307291666666,5.158333333333333
2015-03-24 00:00:00+00:00,15176.84375,15591.6875,7.554166666666667
2015-03-25 00:00:00+00:00,15163.40625,15444.390625,9.125
2015-03-26 00:00:00+00:00,15347.197916666666,15671.755208333334,6.304166666666667
2015-03-27 00:00:00+00:00,15502.8046875,15529.424479166666,6.770833333333333
2015-03-28 00:00:00+00:00,13249.395833333334,13220.848958333334,6.6375
2015-03-29 00:00:00+00:00,13424.9375,12369.380208333334,9.6
2015-03-30 00:00:00+00:00,15123.052083333334,15594.703125,7.425000000000001
2015-03-31 00:00:00+00:00,16345.25,15966.747395833334,8.85
2015-04-01 00:00:00+00:00,16197.674479166666,15936.059895833334,5.3500000000000005
2015-04-02 00:00:00+00:00,15418.7109375,15513.598958333334,4.895833333333333
2015-04-03 00:00:00+00:00,12785.192708333334,12104.997395833334,5.104166666666667
2015-04-04 00:00:00+00:00,12085.71875,12193.3046875,4.175
2015-04-05 00:00:00+00:00,11402.619791666666,11205.119791666666,4.3875
2015-04-06 00:00:00+00:00,11495.296875,11564.153645833334,4.3500000000000005
2015-04-07 00:00:00+00:00,14959.947916666666,15174.479166666666,5.595833333333334
2015-04-08 00:00:00+00:00,14990.78125,15167.044270833334,8.333333333333334
2015-04-09 00:00:00+00:00,14925.018229166666,14875.15625,10.745833333333332
2015-04-10 00:00:00+00:00,14437.802083333334,14588.791666666666,13.108333333333334
2015-04-11 00:00:00+00:00,13392.536458333334,12625.825520833334,11.720833333333333
2015-04-12 00:00:00+00:00,12352.638020833334,11537.924479166666,11.495833333333332
2015-04-13 00:00:00+00:00,14915.317708333334,14919.364583333334,10.316666666666666
2015-04-14 00:00:00+00:00,15393.109375,15115.8359375,12.016666666666666
2015-04-15 00:00:00+00:00,15736.731770833334,15063.502604166666,14.9
2015-04-16 00:00:00+00:00,14946.515625,14951.955729166666,14.85
2015-04-17 00:00:00+00:00,14771.8515625,14772.46875,10.404166666666667
2015-04-18 00:00:00+00:00,11706.6171875,12452.041666666666,8.216666666666667
2015-04-19 00:00:00+00:00,11387.3984375,11469.231770833334,8.8375
2015-04-20 00:00:00+00:00,14687.872395833334,14656.481770833334,10.887500000000001
2015-04-21 00:00:00+00:00,15371.3203125,14795.354166666666,12.745833333333332
2015-04-22 00:00:00+00:00,14789.888020833334,14571.559895833334,9.591666666666667
2015-04-23 00:00:00+00:00,14460.309895833334,14473.221354166666,10.299999999999999
2015-04-24 00:00:00+00:00,14197.161458333334,14328.575520833334,12.8375
2015-04-25 00:00:00+00:00,11461.661458333334,12263.494791666666,12.291666666666666
2015-04-26 00:00:00+00:00,10560.419270833334,11263.325520833334,14.387500000000001
2015-04-27 00:00:00+00:00,13981.252604166666,14821.8984375,10.954166666666666
2015-04-28 00:00:00+00:00,14479.559895833334,14981.955729166666,8.862499999999999
2015-04-29 00:00:00+00:00,14992.697916666666,14901.494791666666,9.825000000000001
2015-04-30 00:00:00+00:00,14464.765625,14646.861979166666,10.200000000000001
2015-05-01 00:00:00+00:00,10173.919270833334,11093.325520833334,8.791666666666666
2015-05-02 00:00:00+00:00,10173.546875,11595.8125,10.833333333333334
2015-05-03 00:00:00+00:00,11205.21875,11408.955729166666,12.333333333333334
2015-05-04 00:00:00+00:00,14202.854166666666,14520.8984375,17.1375
2015-05-05 00:00:00+00:00,14705.666666666666,14984.846354166666,18.308333333333334
2015-05-06 00:00:00+00:00,14189.177083333334,14824.278645833334,14.241666666666667
2015-05-07 00:00:00+00:00,14296.6796875,14833.7421875,13.025
2015-05-08 00:00:00+00:00,12252.354166666666,14380.848958333334,15.025
2015-05-09 00:00:00+00:00,12151.403645833334,12277.890625,15.929166666666667
2015-05-10 00:00:00+00:00,11441.044270833334,11227.203125,14.6875
2015-05-11 00:00:00+00:00,13588.140625,14578.528645833334,16.662499999999998
2015-05-12 00:00:00+00:00,14231.265625,14776.286458333334,18.458333333333332
2015-05-13 00:00:00+00:00,13631.479166666666,14454.4296875,15.045833333333334
2015-05-14 00:00:00+00:00,10817.078125,11272.130208333334,14.358333333333334
2015-05-15 00:00:00+00:00,11269.440104166666,12862.213541666666,15.433333333333332
2015-05-16 00:00:00+00:00,11201.2109375,11888.296875,13.450000000000001
2015-05-17 00:00:00+00:00,11083.46875,11085.924479166666,13.887500000000001
2015-05-18 00:00:00+00:00,13419.033854166666,14397.3515625,15.833333333333334
2015-05-19 00:00:00+00:00,14017.096354166666,14889.1484375,13.916666666666666
2015-05-20 00:00:00+00:00,13289.395833333334,14643.799479166666,11.041666666666666
2015-05-21 00:00:00+00:00,13418.049479166666,14646.6640625,11.466666666666667
2015-05-22 00:00:00+00:00,12738.6953125,14327.411458333334,14.233333333333334
2015-05-23 00:00:00+00:00,10319.6484375,11990.815104166666,16.020833333333332
2015-05-24 00:00:00+00:00,9389.752604166666,10418.864583333334,15.200000000000001
2015-05-25 00:00:00+00:00,9938.932291666666,10821.018229166666,14.895833333333334
2015-05-26 00:00:00+00:00,13289.890625,14213.796875,12.266666666666666
2015-05-27 00:00:00+00:00,13772.119791666666,14538.591145833334,11.320833333333333
2015-05-28 00:00:00+00:00,14789.619791666666,14595.315104166666,14.529166666666667
2015-05-29 00:00:00+00:00,13676.098958333334,14337.369791666666,14.454166666666666
2015-05-30 00:00:00+00:00,11964.0859375,12230.018229166666,13.670833333333334
2015-05-31 00:00:00+00:00,11902.846354166666,11173.0859375,15.783333333333333
2015-06-01 00:00:00+00:00,13450.0859375,14214.6875,14.1625
2015-06-02 00:00:00+00:00,15222.755208333334,14891.846354166666,18.458333333333332
2015-06-03 00:00:00+00:00,14485.71875,14601.578125,17.970833333333335
2015-06-04 00:00:00+00:00,12050.369791666666,12425.091145833334,18.208333333333332
2015-06-05 00:00:00+00:00,13210.71875,13685.90625,23.40416666666667
2015-06-06 00:00:00+00:00,12115.34375,12128.359375,22.724999999999998
2015-06-07 00:00:00+00:00,10931.817708333334,11004.21875,20.158333333333335
2015-06-08 00:00:00+00:00,13706.377604166666,14408.755208333334,16.5625
2015-06-09 00:00:00+00:00,13770.252604166666,14727.229166666666,15.612499999999999
2015-06-10 00:00:00+00:00,14019.197916666666,14777.0625,17.391666666666666
2015-06-11 00:00:00+00:00,14051.580729166666,14629.723958333334,19.379166666666666
2015-06-12 00:00:00+00:00,14041.809895833334,14524.859375,22.27916666666667
2015-06-13 00:00:00+00:00,11348.864583333334,12209.200520833334,20.545833333333334
2015-06-14 00:00:00+00:00,10805.700520833334,11027.854166666666,20.304166666666667
2015-06-15 00:00:00+00:00,13353.755208333334,14194.481770833334,18.162499999999998
2015-06-16 00:00:00+00:00,13622.4765625,14361.434895833334,16.404166666666665
2015-06-17 00:00:00+00:00,14061.463541666666,14415.895833333334,16.55
2015-06-18 00:00:00+00:00,14510.341145833334,14572.098958333334,16.775000000000002
2015-06-19 00:00:00+00:00,14119.244791666666,14379.53125,13.579166666666666
2015-06-20 00:00:00+00:00,10768.3125,11973.9140625,14.075000000000001
2015-06-21 00:00:00+00:00,10002.958333333334,11159.986979166666,15.133333333333333
2015-06-22 00:00:00+00:00,13442.90625,14275.401041666666,13.3375
2015-06-23 00:00:00+00:00,14868.174479166666,14676.0703125,12.845833333333333
2015-06-24 00:00:00+00:00,14754.7109375,14755.083333333334,14.862499999999999
2015-06-25 00:00:00+00:00,14139.169270833334,14568.520833333334,18.208333333333332
2015-06-26 00:00:00+00:00,13655.8359375,14297.424479166666,20.570833333333333
2015-06-27 00:00:00+00:00,12042.104166666666,12146.356770833334,19.258333333333333
2015-06-28 00:00:00+00:00,11182.393229166666,10975.708333333334,18.3875
2015-06-29 00:00:00+00:00,14375.265625,14254.403645833334,21.170833333333334
2015-06-30 00:00:00+00:00,14615.010416666666,14410.427083333334,22.1375
2015-07-01 00:00:00+00:00,15533.924479166666,14893.963541666666,25.2625
2015-07-02 00:00:00+00:00,15997.901041666666,15230.239583333334,27.916666666666668
2015-07-03 00:00:00+00:00,14205.260416666666,14888.153645833334,28.895833333333332
2015-07-04 00:00:00+00:00,12455.848958333334,12557.9609375,30.03333333333333
2015-07-05 00:00:00+00:00,11478.010416666666,11564.2734375,29.5
2015-07-06 00:00:00+00:00,14545.2265625,14727.372395833334,23.179166666666664
2015-07-07 00:00:00+00:00,14240.096354166666,15002.119791666666,25.295833333333334
2015-07-08 00:00:00+00:00,15277.591145833334,14934.5390625,19.445833333333333
2015-07-09 00:00:00+00:00,15015.2421875,14696.791666666666,16.629166666666666
2015-07-10 00:00:00+00:00,14007.997395833334,14292.6171875,17.266666666666666
2015-07-11 00:00:00+00:00,11438.705729166666,12109.708333333334,22.604166666666668
2015-07-12 00:00:00+00:00,10922.182291666666,11314.739583333334,20.854166666666668
2015-07-13 00:00:00+00:00,13153.7109375,14529.958333333334,17.9375
2015-07-14 00:00:00+00:00,13800.216145833334,14815.927083333334,20.2375
2015-07-15 00:00:00+00:00,13998.859375,14793.544270833334,22.099999999999998
2015-07-16 00:00:00+00:00,13986.4375,14834.442708333334,24.141666666666666
2015-07-17 00:00:00+00:00,14691.940104166666,14652.9609375,27.541666666666668
2015-07-18 00:00:00+00:00,12682.924479166666,12114.825520833334,24.2625
2015-07-19 00:00:00+00:00,11685.684895833334,11245.567708333334,22.229166666666668
2015-07-20 00:00:00+00:00,13986.346354166666,14417.846354166666,21.912499999999998
2015-07-21 00:00:00+00:00,15106.0390625,14938.822916666666,24.566666666666666
2015-07-22 00:00:00+00:00,14487.291666666666,14938.067708333334,25.016666666666666
2015-07-23 00:00:00+00:00,14087.078125,14646.049479166666,22.5
2015-07-24 00:00:00+00:00,14118.09375,14366.221354166666,24.333333333333332
2015-07-25 00:00:00+00:00,13347.395833333334,12414.7265625,19.341666666666665
2015-07-26 00:00:00+00:00,11822.138020833334,11015.026041666666,17.595833333333335
2015-07-27 00:00:00+00:00,13836.783854166666,14181.130208333334,18.495833333333334
2015-07-28 00:00:00+00:00,14413.604166666666,14467.205729166666,17.979166666666668
2015-07-29 00:00:00+00:00,14424.640625,14369.734375,16.545833333333334
2015-07-30 00:00:00+00:00,14429.6953125,14331.833333333334,15.35
2015-07-31 00:00:00+00:00,12771.716145833334,13860.080729166666,16.120833333333334
2015-08-01 00:00:00+00:00,10768.0390625,11785.307291666666,20.529166666666665
2015-08-02 00:00:00+00:00,10228.390625,10884.614583333334,22.52916666666667
2015-08-03 00:00:00+00:00,13372.104166666666,14061.671875,25.612499999999997
2015-08-04 00:00:00+00:00,13668.21875,14354.346354166666,22.504166666666666
2015-08-05 00:00:00+00:00,13527.828125,14146.591145833334,21.866666666666664
2015-08-06 00:00:00+00:00,14028.205729166666,14438.533854166666,27.087500000000002
2015-08-07 00:00:00+00:00,13598.033854166666,14122.455729166666,29.166666666666668
2015-08-08 00:00:00+00:00,11944.416666666666,12309.6796875,25.6875
2015-08-09 00:00:00+00:00,11130.247395833334,11264.520833333334,25.016666666666666
2015-08-10 00:00:00+00:00,13499.0625,14120.072916666666,24.645833333333332
2015-08-11 00:00:00+00:00,14155.4453125,14474.713541666666,23.520833333333332
2015-08-12 00:00:00+00:00,14293.588541666666,14467.830729166666,26.079166666666666
2015-08-13 00:00:00+00:00,15289.333333333334,14514.549479166666,28.104166666666668
2015-08-14 00:00:00+00:00,14390.643229166666,14235.9140625,24.608333333333334
2015-08-15 00:00:00+00:00,11450.484375,11915.7421875,21.804166666666664
2015-08-16 00:00:00+00:00,10920.8515625,11111.895833333334,17.099999999999998
2015-08-17 00:00:00+00:00,13523.5,14103.947916666666,14.583333333333334
2015-08-18 00:00:00+00:00,13804.645833333334,14201.661458333334,16.666666666666668
2015-08-19 00:00:00+00:00,13370.432291666666,14126.080729166666,17.175
2015-08-20 00:00:00+00:00,13606.986979166666,14212.947916666666,17.9875
2015-08-21 00:00:00+00:00,13774.122395833334,13955.432291666666,18.425
2015-08-22 00:00:00+00:00,12616.552083333334,11961.481770833334,20.191666666666666
2015-08-23 00:00:00+00:00,12967.111979166666,11182.799479166666,20.570833333333333
2015-08-24 00:00:00+00:00,14853.125,14414.080729166666,19.320833333333333
2015-08-25 00:00:00+00:00,15603.7109375,14674.505208333334,17.795833333333334
2015-08-26 00:00:00+00:00,15672.192708333334,14725.893229166666,21.3125
2015-08-27 00:00:00+00:00,15293.536458333334,14715.4296875,21.833333333333332
2015-08-28 00:00:00+00:00,14614.419270833334,14345.627604166666,17.525000000000002
2015-08-29 00:00:00+00:00,12641.447916666666,12135.8515625,21.3875
2015-08-30 00:00:00+00:00,11831.234375,11308.346354166666,25.745833333333334
2015-08-31 00:00:00+00:00,15109.729166666666,14639.4609375,26.508333333333336
2015-09-01 00:00:00+00:00,15892.033854166666,14940.596354166666,19.325
2015-09-02 00:00:00+00:00,15444.583333333334,14671.895833333334,16.325
2015-09-03 00:00:00+00:00,14877.130208333334,14578.747395833334,15.933333333333332
2015-09-04 00:00:00+00:00,15411.244791666666,14393.455729166666,14.266666666666666
2015-09-05 00:00:00+00:00,13717.7109375,12289.635416666666,13.408333333333333
2015-09-06 00:00:00+00:00,13231.544270833334,11475.111979166666,12.933333333333332
2015-09-07 00:00:00+00:00,14525.03125,14498.122395833334,13.345833333333333
2015-09-08 00:00:00+00:00,14957.486979166666,14733.361979166666,14.633333333333333
2015-09-09 00:00:00+00:00,15307.28125,14601.927083333334,15.058333333333332
2015-09-10 00:00:00+00:00,15269.697916666666,14639.1640625,14.741666666666667
2015-09-11 00:00:00+00:00,14903.638020833334,14478.90625,14.704166666666666
2015-09-12 00:00:00+00:00,13397.494791666666,12364.138020833334,16.870833333333334
2015-09-13 00:00:00+00:00,12147.424479166666,11438.981770833334,17.75
2015-09-14 00:00:00+00:00,14946.052083333334,14765.0859375,16.5125
2015-09-15 00:00:00+00:00,15515.7890625,15069.3984375,14.245833333333332
2015-09-16 00:00:00+00:00,18690.354166666668,15119.276041666666,15.991666666666667
2015-09-17 00:00:00+00:00,16089.333333333334,15172.5546875,14.616666666666667
2015-09-18 00:00:00+00:00,15435.8046875,14539.018229166666,14.295833333333334
2015-09-19 00:00:00+00:00,16552.296875,12257.375,13.745833333333332
2015-09-20 00:00:00+00:00,12227.1875,11403.880208333334,12.612499999999999
2015-09-21 00:00:00+00:00,15186.372395833334,14585.169270833334,13.666666666666666
2015-09-22 00:00:00+00:00,15272.981770833334,14958.9765625,12.820833333333333
2015-09-23 00:00:00+00:00,15214.1875,14950.736979166666,12.375
2015-09-24 00:00:00+00:00,15442.200520833334,14940.955729166666,13.475
2015-09-25 00:00:00+00:00,14861.692708333334,14686.731770833334,13.541666666666666
2015-09-26 00:00:00+00:00,12798.2421875,12541.1953125,13.654166666666667
2015-09-27 00:00:00+00:00,12101.013020833334,11442.4453125,13.091666666666667
2015-09-28 00:00:00+00:00,15163.549479166666,14755.885416666666,12.299999999999999
2015-09-29 00:00:00+00:00,17397.276041666668,15075.1875,12.666666666666666
2015-09-30 00:00:00+00:00,15967.864583333334,14984.90625,12.137500000000001
2015-10-01 00:00:00+00:00,15682.424479166666,14706.528645833334,11.3125
2015-10-02 00:00:00+00:00,15374.8203125,14380.080729166666,11.920833333333334
2015-10-03 00:00:00+00:00,12525.140625,11400.692708333334,13.1625
2015-10-04 00:00:00+00:00,11780.5859375,11309.921875,12.895833333333334
2015-10-05 00:00:00+00:00,14737.96875,14494.546875,13.516666666666666
2015-10-06 00:00:00+00:00,15798.158854166666,15236.518229166666,16.508333333333333
2015-10-07 00:00:00+00:00,14928.502604166666,15175.065104166666,15.041666666666666
2015-10-08 00:00:00+00:00,14305.53125,15119.973958333334,13.754166666666668
2015-10-09 00:00:00+00:00,14132.302083333334,14799.854166666666,12.908333333333333
2015-10-10 00:00:00+00:00,13377.278645833334,12524.486979166666,11.916666666666666
2015-10-11 00:00:00+00:00,13222.885416666666,11622.973958333334,9.245833333333334
2015-10-12 00:00:00+00:00,15527.177083333334,14890.739583333334,6.870833333333334
2015-10-13 00:00:00+00:00,15352.247395833334,15553.1484375,6.075
2015-10-14 00:00:00+00:00,15415.390625,15868.731770833334,4.841666666666667
2015-10-15 00:00:00+00:00,15583.833333333334,15848.611979166666,4.008333333333334
2015-10-16 00:00:00+00:00,14825.299479166666,15454.864583333334,6.55
2015-10-17 00:00:00+00:00,12532.260416666666,13025.645833333334,6.920833333333333
2015-10-18 00:00:00+00:00,11743.682291666666,12066.609375,7.529166666666666
2015-10-19 00:00:00+00:00,14092.471354166666,15293.255208333334,7.8
2015-10-20 00:00:00+00:00,14195.9453125,15536.302083333334,9.529166666666667
2015-10-21 00:00:00+00:00,15343.013020833334,15492.591145833334,9.058333333333334
2015-10-22 00:00:00+00:00,16029.713541666666,15582.705729166666,9.612499999999999
2015-10-23 00:00:00+00:00,15204.609375,15124.276041666666,10.283333333333333
2015-10-24 00:00:00+00:00,13905.934895833334,12878.088541666666,9.391666666666667
2015-10-25 00:00:00+00:00,14519.408854166666,12048.729166666666,11.683333333333332
2015-10-26 00:00:00+00:00,15275.661458333334,15040.622395833334,10.504166666666666
2015-10-27 00:00:00+00:00,15673.403645833334,15456.231770833334,8.5875
2015-10-28 00:00:00+00:00,15542.119791666666,15582.434895833334,7.770833333333333
2015-10-29 00:00:00+00:00,14856.408854166666,15483.497395833334,10.316666666666666
2015-10-30 00:00:00+00:00,14905.4296875,15244.1640625,10.1
2015-10-31 00:00:00+00:00,13456.651041666666,12743.380208333334,8.929166666666667
2015-11-01 00:00:00+00:00,11951.333333333334,11924.067708333334,6.479166666666667
2015-11-02 00:00:00+00:00,14627.104166666666,15259.924479166666,5.1625
2015-11-03 00:00:00+00:00,15308.388020833334,15649.580729166666,3.670833333333333
2015-11-04 00:00:00+00:00,15476.15625,15639.1484375,8.262500000000001
2015-11-05 00:00:00+00:00,15157.1640625,15423.739583333334,10.154166666666667
2015-11-06 00:00:00+00:00,15314.734375,15217.463541666666,12.862499999999999
2015-11-07 00:00:00+00:00,14169.859375,13143.385416666666,16.004166666666666
2015-11-08 00:00:00+00:00,12881.5859375,11994.244791666666,14.091666666666667
2015-11-09 00:00:00+00:00,16181.0,15476.752604166666,14.595833333333333
2015-11-10 00:00:00+00:00,16353.119791666666,15817.479166666666,12.720833333333333
2015-11-11 00:00:00+00:00,16479.90625,15707.046875,11.191666666666668
2015-11-12 00:00:00+00:00,16223.723958333334,15726.067708333334,10.9125
2015-11-13 00:00:00+00:00,16325.455729166666,15738.375,9.737499999999999
2015-11-14 00:00:00+00:00,14713.950520833334,13500.03125,8.354166666666666
2015-11-15 00:00:00+00:00,14166.78125,12593.734375,10.9
2015-11-16 00:00:00+00:00,16183.544270833334,15611.479166666666,9.7875
2015-11-17 00:00:00+00:00,16934.255208333332,16069.890625,12.458333333333334
2015-11-18 00:00:00+00:00,16935.450520833332,16013.208333333334,12.920833333333334
2015-11-19 00:00:00+00:00,16784.119791666668,16256.5234375,12.445833333333333
2015-11-20 00:00:00+00:00,16213.40625,15846.03125,7.845833333333334
2015-11-21 00:00:00+00:00,14282.7890625,13663.716145833334,3.4958333333333336
2015-11-22 00:00:00+00:00,14235.3828125,12840.583333333334,2.529166666666667
2015-11-23 00:00:00+00:00,16209.497395833334,16143.203125,1.9958333333333333
2015-11-24 00:00:00+00:00,17414.015625,16806.932291666668,0.8458333333333333
2015-11-25 00:00:00+00:00,16585.0,16668.408854166668,3.0583333333333336
2015-11-26 00:00:00+00:00,16255.4765625,16452.864583333332,3.9625
2015-11-27 00:00:00+00:00,16359.0390625,16190.119791666666,0.3333333333333333
2015-11-28 00:00:00+00:00,15485.104166666666,14120.372395833334,2.891666666666667
2015-11-29 00:00:00+00:00,14813.036458333334,13244.565104166666,7.2250000000000005
2015-11-30 00:00:00+00:00,16694.3046875,16299.278645833334,9.4875
2015-12-01 00:00:00+00:00,17068.828125,16383.307291666666,10.4125
2015-12-02 00:00:00+00:00,16514.075520833332,16293.7265625,8.85
2015-12-03 00:00:00+00:00,16767.2578125,16113.778645833334,4.741666666666666
2015-12-04 00:00:00+00:00,16885.755208333332,16055.182291666666,6.229166666666667
2015-12-05 00:00:00+00:00,14928.184895833334,13794.057291666666,4.866666666666666
2015-12-06 00:00:00+00:00,14139.341145833334,12789.390625,7.283333333333334
2015-12-07 00:00:00+00:00,15048.9375,15803.166666666666,7.966666666666668
2015-12-08 00:00:00+00:00,16281.338541666666,16256.315104166666,4.1875
2015-12-09 00:00:00+00:00,16286.872395833334,16273.369791666666,5.995833333333334
2015-12-10 00:00:00+00:00,16732.828125,16504.684895833332,1.6875
2015-12-11 00:00:00+00:00,17036.932291666668,16351.7734375,3.5625
2015-12-12 00:00:00+00:00,14964.7109375,13701.6640625,8.033333333333333
2015-12-13 00:00:00+00:00,13976.408854166666,12761.854166666666,7.870833333333334
2015-12-14 00:00:00+00:00,15719.283854166666,15986.192708333334,6.320833333333333
2015-12-15 00:00:00+00:00,15388.359375,16100.408854166666,5.929166666666667
2015-12-16 00:00:00+00:00,16122.799479166666,16069.411458333334,7.941666666666666
2015-12-17 00:00:00+00:00,16121.208333333334,15537.526041666666,11.075000000000001
2015-12-18 00:00:00+00:00,15823.473958333334,15094.083333333334,10.120833333333334
2015-12-19 00:00:00+00:00,13985.354166666666,12992.5625,9.512500000000001
2015-12-20 00:00:00+00:00,12916.606770833334,12101.052083333334,7.745833333333334
2015-12-21 00:00:00+00:00,15548.216145833334,14494.559895833334,9.612499999999999
2015-12-22 00:00:00+00:00,15817.986979166666,14276.736979166666,10.333333333333334
2015-12-23 00:00:00+00:00,14855.265625,13642.15625,8.866666666666667
2015-12-24 00:00:00+00:00,12775.1875,11656.643229166666,8.987499999999999
2015-12-25 00:00:00+00:00,11631.7578125,10774.520833333334,10.625
2015-12-26 00:00:00+00:00,12990.544270833334,10861.231770833334,9.354166666666666
2015-12-27 00:00:00+00:00,12268.950520833334,11121.171875,7.441666666666666
2015-12-28 00:00:00+00:00,12500.002604166666,12650.96875,4.029166666666667
2015-12-29 00:00:00+00:00,13481.4453125,12736.1796875,2.566666666666667
2015-12-30 00:00:00+00:00,13072.286458333334,12844.807291666666,3.3708333333333336
2015-12-31 00:00:00+00:00,12365.4453125,12119.197916666666,3.5708333333333333
2016-01-01 00:00:00+00:00,10768.403645833334,10981.21875,3.3666666666666667
2016-01-02 00:00:00+00:00,12885.0703125,12492.098958333334,2.15
2016-01-03 00:00:00+00:00,12959.916666666666,12292.057291666666,3.8791666666666664
2016-01-04 00:00:00+00:00,15297.6015625,15092.8125,4.258333333333334
2016-01-05 00:00:00+00:00,15376.307291666666,15591.21875,4.208333333333333
2016-01-06 00:00:00+00:00,15175.5546875,15061.182291666666,4.629166666666666
2016-01-07 00:00:00+00:00,16078.494791666666,16049.067708333334,4.6875
2016-01-08 00:00:00+00:00,16851.0859375,15805.182291666666,3.483333333333333
2016-01-09 00:00:00+00:00,13890.0703125,13493.567708333334,1.0125
2016-01-10 00:00:00+00:00,13172.848958333334,12694.255208333334,6.216666666666666
2016-01-11 00:00:00+00:00,15373.479166666666,16159.888020833334,5.125
2016-01-12 00:00:00+00:00,16662.041666666668,16369.604166666666,5.0375
2016-01-13 00:00:00+00:00,17220.252604166668,16507.776041666668,3.9499999999999997
2016-01-14 00:00:00+00:00,16968.130208333332,16382.638020833334,2.2083333333333335
2016-01-15 00:00:00+00:00,16313.890625,16377.3125,1.5916666666666668
2016-01-16 00:00:00+00:00,14620.1953125,14045.158854166666,0.8375
2016-01-17 00:00:00+00:00,13894.9375,13201.786458333334,-1.0833333333333333
2016-01-18 00:00:00+00:00,16605.875,16748.223958333332,-2.9916666666666667
2016-01-19 00:00:00+00:00,17606.265625,17141.106770833332,-4.991666666666666
2016-01-20 00:00:00+00:00,17205.885416666668,17029.111979166668,-2.275
2016-01-21 00:00:00+00:00,15982.044270833334,16958.3203125,-1.1166666666666665
2016-01-22 00:00:00+00:00,17102.8046875,16853.940104166668,-2.470833333333333
2016-01-23 00:00:00+00:00,15022.234375,14360.544270833334,3.125
2016-01-24 00:00:00+00:00,13742.78125,13100.0078125,3.1125000000000003
2016-01-25 00:00:00+00:00,16425.557291666668,15973.049479166666,5.8125
2016-01-26 00:00:00+00:00,16909.903645833332,16246.057291666666,6.741666666666667
2016-01-27 00:00:00+00:00,16828.091145833332,16361.481770833334,9.729166666666666
2016-01-28 00:00:00+00:00,16653.1171875,16150.822916666666,7.9875
2016-01-29 00:00:00+00:00,16556.244791666668,15995.895833333334,4.8
2016-01-30 00:00:00+00:00,15417.606770833334,13976.0625,6.520833333333333
2016-01-31 00:00:00+00:00,13531.8125,12789.315104166666,5.495833333333334
2016-02-01 00:00:00+00:00,16070.197916666666,16096.3203125,10.620833333333334
2016-02-02 00:00:00+00:00,16494.0703125,16421.106770833332,9.858333333333333
2016-02-03 00:00:00+00:00,16337.166666666666,16409.671875,4.791666666666667
2016-02-04 00:00:00+00:00,16649.052083333332,16387.296875,3.5875
2016-02-05 00:00:00+00:00,15965.6328125,15931.572916666666,5.9125000000000005
2016-02-06 00:00:00+00:00,14063.143229166666,13503.6875,7.325
2016-02-07 00:00:00+00:00,13781.1484375,12579.755208333334,6.4375
2016-02-08 00:00:00+00:00,16598.390625,15735.875,7.075
2016-02-09 00:00:00+00:00,16484.640625,16184.6640625,6.991666666666667
2016-02-10 00:00:00+00:00,16683.609375,16409.953125,3.3833333333333333
2016-02-11 00:00:00+00:00,16451.703125,16115.934895833334,3.233333333333333
2016-02-12 00:00:00+00:00,15320.479166666666,15909.536458333334,2.1333333333333333
2016-02-13 00:00:00+00:00,13678.7890625,13830.4609375,2.341666666666667
2016-02-14 00:00:00+00:00,13302.114583333334,12857.322916666666,5.7124999999999995
2016-02-15 00:00:00+00:00,15746.239583333334,16254.018229166666,2.920833333333333
2016-02-16 00:00:00+00:00,15780.8046875,16504.401041666668,0.375
2016-02-17 00:00:00+00:00,16036.372395833334,16626.265625,1.0999999999999999
2016-02-18 00:00:00+00:00,15374.005208333334,16251.635416666666,2.8708333333333336
2016-02-19 00:00:00+00:00,15385.932291666666,16256.5234375,1.5416666666666667
2016-02-20 00:00:00+00:00,15168.947916666666,14364.986979166666,4.058333333333334
2016-02-21 00:00:00+00:00,14331.2109375,12923.921875,10.270833333333334
2016-02-22 00:00:00+00:00,16405.380208333332,16071.947916666666,8.929166666666667
2016-02-23 00:00:00+00:00,15889.010416666666,16243.815104166666,2.9416666666666664
2016-02-24 00:00:00+00:00,15843.393229166666,16132.971354166666,2.154166666666667
2016-02-25 00:00:00+00:00,15529.846354166666,16209.653645833334,0.40416666666666673
2016-02-26 00:00:00+00:00,14972.2578125,15751.692708333334,1.0541666666666665
2016-02-27 00:00:00+00:00,12760.6328125,13439.822916666666,1.7916666666666667
2016-02-28 00:00:00+00:00,12550.442708333334,12608.252604166666,1.9541666666666666
2016-02-29 00:00:00+00:00,15566.752604166666,15876.575520833334,2.4250000000000003
2016-03-01 00:00:00+00:00,16189.291666666666,16490.671875,1.825
2016-03-02 00:00:00+00:00,16441.859375,16312.609375,4.666666666666667
2016-03-03 00:00:00+00:00,15248.682291666666,16163.989583333334,2.0833333333333335
2016-03-04 00:00:00+00:00,15563.677083333334,15931.611979166666,2.7416666666666667
2016-03-05 00:00:00+00:00,12309.684895833334,13546.309895833334,4.8500000000000005
2016-03-06 00:00:00+00:00,11819.0703125,12628.307291666666,2.3000000000000003
2016-03-07 00:00:00+00:00,14907.2265625,15693.4375,1.8375000000000001
2016-03-08 00:00:00+00:00,15691.606770833334,16135.338541666666,0.7458333333333332
2016-03-09 00:00:00+00:00,16176.833333333334,16044.549479166666,2.533333333333333
2016-03-10 00:00:00+00:00,15073.729166666666,15909.546875,3.3166666666666664
2016-03-11 00:00:00+00:00,14411.994791666666,15681.40625,4.608333333333333
2016-03-12 00:00:00+00:00,12124.5859375,13494.604166666666,4.045833333333333
2016-03-13 00:00:00+00:00,10761.390625,12391.533854166666,4.433333333333334
2016-03-14 00:00:00+00:00,13590.5859375,15409.421875,4.0
2016-03-15 00:00:00+00:00,15094.513020833334,16021.549479166666,2.8166666666666664
2016-03-16 00:00:00+00:00,16305.778645833334,15990.239583333334,4.620833333333334
2016-03-17 00:00:00+00:00,15427.197916666666,15646.635416666666,4.891666666666667
2016-03-18 00:00:00+00:00,15378.643229166666,15563.786458333334,5.816666666666666
2016-03-19 00:00:00+00:00,13613.466145833334,13423.7265625,5.079166666666667
2016-03-20 00:00:00+00:00,13378.296875,12464.044270833334,4.5625
2016-03-21 00:00:00+00:00,15753.25,15536.6015625,6.679166666666667
2016-03-22 00:00:00+00:00,15592.640625,15713.278645833334,6.445833333333333
2016-03-23 00:00:00+00:00,15229.934895833334,15651.1484375,7.254166666666666
2016-03-24 00:00:00+00:00,14543.002604166666,15318.354166666666,6.5125
2016-03-25 00:00:00+00:00,13139.565104166666,12395.838541666666,6.304166666666667
2016-03-26 00:00:00+00:00,14760.567708333334,12185.424479166666,8.345833333333333
2016-03-27 00:00:00+00:00,14876.877604166666,11247.380208333334,8.120833333333334
2016-03-28 00:00:00+00:00,14866.966145833334,11697.190104166666,8.108333333333333
2016-03-29 00:00:00+00:00,15133.341145833334,14907.421875,8.225
2016-03-30 00:00:00+00:00,15441.953125,15306.458333333334,8.795833333333333
2016-03-31 00:00:00+00:00,14628.106770833334,15212.3359375,7.55
2016-04-01 00:00:00+00:00,14377.575520833334,15048.4375,6.3875
2016-04-02 00:00:00+00:00,12244.8671875,12588.716145833334,9.729166666666666
2016-04-03 00:00:00+00:00,10730.138020833334,11498.260416666666,13.137500000000001
2016-04-04 00:00:00+00:00,14130.872395833334,14563.057291666666,13.6625
2016-04-05 00:00:00+00:00,14363.182291666666,15006.8515625,11.758333333333333
2016-04-06 00:00:00+00:00,15523.651041666666,15286.78125,10.941666666666668
2016-04-07 00:00:00+00:00,15263.3046875,15249.932291666666,9.054166666666667
2016-04-08 00:00:00+00:00,13644.703125,14816.361979166666,7.129166666666666
2016-04-09 00:00:00+00:00,11575.286458333334,12430.442708333334,8.133333333333333
2016-04-10 00:00:00+00:00,10945.203125,11445.786458333334,10.5
2016-04-11 00:00:00+00:00,14225.216145833334,14635.427083333334,10.495833333333334
2016-04-12 00:00:00+00:00,14088.5,14852.4453125,11.233333333333334
2016-04-13 00:00:00+00:00,13887.3515625,15078.6328125,9.7875
2016-04-14 00:00:00+00:00,14012.2578125,15035.7265625,10.016666666666667
2016-04-15 00:00:00+00:00,13783.161458333334,14828.330729166666,11.549999999999999
2016-04-16 00:00:00+00:00,12031.169270833334,12587.802083333334,11.2125
2016-04-17 00:00:00+00:00,10414.861979166666,11530.513020833334,8.866666666666667
2016-04-18 00:00:00+00:00,14005.65625,14690.614583333334,7.833333333333333
2016-04-19 00:00:00+00:00,14699.2734375,14936.276041666666,8.504166666666666
2016-04-20 00:00:00+00:00,13886.783854166666,14766.049479166666,8.558333333333334
2016-04-21 00:00:00+00:00,14054.109375,14673.921875,10.725
2016-04-22 00:00:00+00:00,14187.143229166666,14463.510416666666,11.158333333333333
2016-04-23 00:00:00+00:00,11739.0625,12504.479166666666,6.9875
2016-04-24 00:00:00+00:00,10996.046875,11636.799479166666,4.633333333333334
2016-04-25 00:00:00+00:00,14708.580729166666,15065.372395833334,4.7375
2016-04-26 00:00:00+00:00,15207.104166666666,15370.794270833334,5.204166666666667
2016-04-27 00:00:00+00:00,15990.830729166666,15571.979166666666,4.404166666666667
2016-04-28 00:00:00+00:00,15026.669270833334,15225.640625,5.441666666666666
2016-04-29 00:00:00+00:00,15275.552083333334,14809.729166666666,7.3500000000000005
2016-04-30 00:00:00+00:00,12211.401041666666,12272.252604166666,10.1
2016-05-01 00:00:00+00:00,11328.161458333334,11073.630208333334,11.070833333333333
2016-05-02 00:00:00+00:00,13468.036458333334,14445.338541666666,13.091666666666667
2016-05-03 00:00:00+00:00,14271.671875,15047.190104166666,10.954166666666666
2016-05-04 00:00:00+00:00,13547.859375,14728.596354166666,9.362499999999999
2016-05-05 00:00:00+00:00,11383.174479166666,11623.8671875,11.741666666666667
2016-05-06 00:00:00+00:00,12695.315104166666,13106.828125,15.254166666666668
2016-05-07 00:00:00+00:00,12129.169270833334,12024.005208333334,16.920833333333334
2016-05-08 00:00:00+00:00,12080.0,11241.088541666666,17.708333333333332
2016-05-09 00:00:00+00:00,14514.846354166666,14636.8671875,18.279166666666665
2016-05-10 00:00:00+00:00,14286.09375,14822.536458333334,17.404166666666665
2016-05-11 00:00:00+00:00,14535.208333333334,14909.635416666666,17.520833333333332
2016-05-12 00:00:00+00:00,14722.911458333334,15080.075520833334,17.1875
2016-05-13 00:00:00+00:00,13338.1796875,14563.6015625,16.320833333333333
2016-05-14 00:00:00+00:00,11948.471354166666,12272.028645833334,10.895833333333334
2016-05-15 00:00:00+00:00,11291.8671875,10948.138020833334,8.65
2016-05-16 00:00:00+00:00,11372.916666666666,11259.473958333334,8.995833333333334
2016-05-17 00:00:00+00:00,13684.533854166666,14460.5703125,10.945833333333333
2016-05-18 00:00:00+00:00,13689.96875,14816.846354166666,14.066666666666668
2016-05-19 00:00:00+00:00,13344.841145833334,14929.591145833334,13.85
2016-05-20 00:00:00+00:00,14116.8671875,14740.244791666666,14.2125
2016-05-21 00:00:00+00:00,11420.59375,12258.4921875,16.5
2016-05-22 00:00:00+00:00,11024.255208333334,11413.6796875,18.5625
2016-05-23 00:00:00+00:00,13520.119791666666,14653.09375,13.65
2016-05-24 00:00:00+00:00,13861.966145833334,14977.796875,11.0
2016-05-25 00:00:00+00:00,13265.177083333334,14704.291666666666,13.245833333333332
2016-05-26 00:00:00+00:00,12286.739583333334,12638.3125,15.883333333333333
2016-05-27 00:00:00+00:00,12395.75,13656.359375,17.55
2016-05-28 00:00:00+00:00,10764.989583333334,12217.901041666666,18.395833333333332
2016-05-29 00:00:00+00:00,10215.713541666666,11449.7109375,18.708333333333332
2016-05-30 00:00:00+00:00,13461.994791666666,14699.484375,16.7375
2016-05-31 00:00:00+00:00,13566.533854166666,14925.015625,16.858333333333334
2016-06-01 00:00:00+00:00,13555.302083333334,14805.994791666666,15.158333333333333
2016-06-02 00:00:00+00:00,13166.447916666666,14720.1015625,16.85
2016-06-03 00:00:00+00:00,13078.375,14400.989583333334,17.045833333333334
2016-06-04 00:00:00+00:00,10942.6328125,12095.278645833334,18.558333333333334
2016-06-05 00:00:00+00:00,10013.213541666666,11161.408854166666,19.320833333333333
2016-06-06 00:00:00+00:00,13274.973958333334,14336.372395833334,20.579166666666666
2016-06-07 00:00:00+00:00,13685.575520833334,14569.294270833334,21.125
2016-06-08 00:00:00+00:00,14137.9296875,14618.96875,18.837500000000002
2016-06-09 00:00:00+00:00,13741.9140625,14503.619791666666,16.5125
2016-06-10 00:00:00+00:00,13537.302083333334,14189.872395833334,17.333333333333332
2016-06-11 00:00:00+00:00,10671.783854166666,11954.903645833334,17.724999999999998
2016-06-12 00:00:00+00:00,10141.1171875,11231.682291666666,16.591666666666665
2016-06-13 00:00:00+00:00,13355.661458333334,14368.979166666666,16.058333333333334
2016-06-14 00:00:00+00:00,13710.1484375,14558.846354166666,15.520833333333334
2016-06-15 00:00:00+00:00,13771.768229166666,14530.708333333334,15.133333333333333
2016-06-16 00:00:00+00:00,13252.458333333334,14600.046875,15.045833333333334
2016-06-17 00:00:00+00:00,13707.052083333334,14486.2734375,15.566666666666668
2016-06-18 00:00:00+00:00,11698.481770833334,12159.341145833334,15.733333333333334
2016-06-19 00:00:00+00:00,10365.713541666666,11186.549479166666,14.891666666666666
2016-06-20 00:00:00+00:00,13864.372395833334,14293.846354166666,16.291666666666668
2016-06-21 00:00:00+00:00,13677.888020833334,14377.638020833334,18.462500000000002
2016-06-22 00:00:00+00:00,14199.674479166666,14525.635416666666,21.087500000000002
2016-06-23 00:00:00+00:00,15059.294270833334,14766.364583333334,24.25
2016-06-24 00:00:00+00:00,13993.9609375,14650.5234375,24.083333333333332
2016-06-25 00:00:00+00:00,11628.0546875,12395.333333333334,19.354166666666668
2016-06-26 00:00:00+00:00,10887.3046875,11205.911458333334,16.745833333333334
2016-06-27 00:00:00+00:00,13666.177083333334,14548.174479166666,15.679166666666667
2016-06-28 00:00:00+00:00,13713.627604166666,14683.041666666666,17.7375
2016-06-29 00:00:00+00:00,14723.401041666666,14894.026041666666,18.9875
2016-06-30 00:00:00+00:00,14227.255208333334,14769.044270833334,18.708333333333332
2016-07-01 00:00:00+00:00,14220.341145833334,14485.989583333334,20.370833333333334
2016-07-02 00:00:00+00:00,11841.572916666666,12301.546875,17.133333333333333
2016-07-03 00:00:00+00:00,11262.190104166666,11123.75,15.450000000000001
2016-07-04 00:00:00+00:00,13721.440104166666,14358.401041666666,16.2
2016-07-05 00:00:00+00:00,14773.997395833334,14981.588541666666,18.629166666666666
2016-07-06 00:00:00+00:00,14752.7578125,14855.502604166666,16.354166666666668
2016-07-07 00:00:00+00:00,13770.822916666666,14588.84375,18.166666666666668
2016-07-08 00:00:00+00:00,14359.973958333334,14624.356770833334,20.370833333333334
2016-07-09 00:00:00+00:00,12511.315104166666,12286.286458333334,20.166666666666668
2016-07-10 00:00:00+00:00,12248.658854166666,11406.84375,23.150000000000002
2016-07-11 00:00:00+00:00,14971.830729166666,14714.205729166666,22.870833333333334
2016-07-12 00:00:00+00:00,14133.979166666666,14737.760416666666,19.695833333333333
2016-07-13 00:00:00+00:00,13647.515625,14532.755208333334,16.833333333333332
2016-07-14 00:00:00+00:00,13849.9375,14692.260416666666,15.741666666666667
2016-07-15 00:00:00+00:00,13689.885416666666,14356.859375,15.637500000000001
2016-07-16 00:00:00+00:00,11712.317708333334,12076.442708333334,17.454166666666666
2016-07-17 00:00:00+00:00,11323.697916666666,11227.744791666666,20.516666666666666
2016-07-18 00:00:00+00:00,14010.260416666666,14292.229166666666,21.78333333333333
2016-07-19 00:00:00+00:00,14057.486979166666,14600.1953125,23.59166666666667
2016-07-20 00:00:00+00:00,14970.356770833334,14843.265625,26.370833333333334
2016-07-21 00:00:00+00:00,14005.2421875,14751.106770833334,22.433333333333334
2016-07-22 00:00:00+00:00,13991.9140625,14398.661458333334,23.21666666666667
2016-07-23 00:00:00+00:00,11542.291666666666,12140.018229166666,21.241666666666667
2016-07-24 00:00:00+00:00,10932.380208333334,11186.125,22.083333333333332
2016-07-25 00:00:00+00:00,13656.354166666666,14360.497395833334,22.833333333333332
2016-07-26 00:00:00+00:00,13750.763020833334,14547.1015625,22.412499999999998
2016-07-27 00:00:00+00:00,14256.4765625,14495.520833333334,21.2625
2016-07-28 00:00:00+00:00,13908.145833333334,14363.283854166666,20.675
2016-07-29 00:00:00+00:00,13818.2890625,14037.1796875,20.537499999999998
2016-07-30 00:00:00+00:00,12069.052083333334,11912.8046875,21.820833333333336
2016-07-31 00:00:00+00:00,10784.453125,11005.234375,20.212500000000002
2016-08-01 00:00:00+00:00,13434.3046875,13772.71875,18.349999999999998
2016-08-02 00:00:00+00:00,13073.7734375,14191.411458333334,17.216666666666665
2016-08-03 00:00:00+00:00,14644.53125,14421.473958333334,18.975
2016-08-04 00:00:00+00:00,14574.002604166666,14382.3046875,18.954166666666666
2016-08-05 00:00:00+00:00,12885.283854166666,13850.1484375,17.683333333333334
2016-08-06 00:00:00+00:00,11189.557291666666,11718.072916666666,18.283333333333335
2016-08-07 00:00:00+00:00,11272.890625,10807.0546875,20.170833333333334
2016-08-08 00:00:00+00:00,14335.080729166666,14015.4921875,20.533333333333335
2016-08-09 00:00:00+00:00,13183.236979166666,14051.010416666666,17.4375
2016-08-10 00:00:00+00:00,12968.736979166666,14011.565104166666,14.666666666666666
2016-08-11 00:00:00+00:00,13261.3125,13969.075520833334,14.237499999999999
2016-08-12 00:00:00+00:00,12462.901041666666,13975.424479166666,17.291666666666668
2016-08-13 00:00:00+00:00,12656.299479166666,11970.166666666666,21.025000000000002
2016-08-14 00:00:00+00:00,11045.6953125,10888.885416666666,20.375
2016-08-15 00:00:00+00:00,11991.450520833334,13392.486979166666,20.270833333333332
2016-08-16 00:00:00+00:00,13928.0546875,14010.575520833334,19.833333333333332
2016-08-17 00:00:00+00:00,14064.588541666666,13979.6640625,19.291666666666668
2016-08-18 00:00:00+00:00,14240.177083333334,14141.747395833334,19.345833333333335
2016-08-19 00:00:00+00:00,13949.375,13964.307291666666,20.733333333333334
2016-08-20 00:00:00+00:00,11896.5625,12077.03125,19.045833333333334
2016-08-21 00:00:00+00:00,11961.309895833334,11020.34375,17.216666666666665
2016-08-22 00:00:00+00:00,14326.1875,14289.596354166666,17.383333333333333
2016-08-23 00:00:00+00:00,14407.872395833334,14437.111979166666,20.150000000000002
2016-08-24 00:00:00+00:00,15259.388020833334,14541.908854166666,22.9875
2016-08-25 00:00:00+00:00,15741.575520833334,14658.861979166666,23.816666666666666
2016-08-26 00:00:00+00:00,15047.981770833334,14469.895833333334,25.825
2016-08-27 00:00:00+00:00,12950.34375,12358.994791666666,27.087500000000002
2016-08-28 00:00:00+00:00,12890.028645833334,11394.302083333334,25.7625
2016-08-29 00:00:00+00:00,15026.669270833334,14585.9453125,21.724999999999998
2016-08-30 00:00:00+00:00,15013.708333333334,14371.752604166666,20.104166666666668
2016-08-31 00:00:00+00:00,14932.2109375,14441.682291666666,21.6375
2016-09-01 00:00:00+00:00,14763.171875,14483.432291666666,22.741666666666664
2016-09-02 00:00:00+00:00,14542.5234375,14192.044270833334,21.40833333333333
2016-09-03 00:00:00+00:00,12189.708333333334,11900.703125,22.766666666666666
2016-09-04 00:00:00+00:00,12599.536458333334,11319.747395833334,19.3
2016-09-05 00:00:00+00:00,14489.708333333334,14283.5390625,18.241666666666667
2016-09-06 00:00:00+00:00,14530.901041666666,14347.700520833334,18.829166666666666
2016-09-07 00:00:00+00:00,14846.252604166666,14439.104166666666,19.854166666666668
2016-09-08 00:00:00+00:00,15117.828125,14651.471354166666,21.974999999999998
2016-09-09 00:00:00+00:00,14368.895833333334,14282.078125,21.4875
2016-09-10 00:00:00+00:00,12570.403645833334,11925.958333333334,23.045833333333334
2016-09-11 00:00:00+00:00,11864.190104166666,11069.755208333334,22.6875
2016-09-12 00:00:00+00:00,14702.5546875,14427.822916666666,24.0
2016-09-13 00:00:00+00:00,14923.791666666666,14705.03125,24.849999999999998
2016-09-14 00:00:00+00:00,15468.697916666666,14682.7109375,24.579166666666666
2016-09-15 00:00:00+00:00,15360.513020833334,14684.299479166666,23.46666666666667
2016-09-16 00:00:00+00:00,14230.364583333334,14166.463541666666,19.5
2016-09-17 00:00:00+00:00,12534.864583333334,12019.208333333334,17.212500000000002
2016-09-18 00:00:00+00:00,12470.921875,11158.940104166666,17.179166666666667
2016-09-19 00:00:00+00:00,14276.893229166666,14154.231770833334,15.35
2016-09-20 00:00:00+00:00,14496.049479166666,14358.169270833334,15.0
2016-09-21 00:00:00+00:00,14832.3515625,14312.294270833334,15.079166666666666
2016-09-22 00:00:00+00:00,14754.565104166666,14273.8125,15.420833333333334
2016-09-23 00:00:00+00:00,14455.440104166666,14139.8515625,16.925
2016-09-24 00:00:00+00:00,12985.822916666666,11879.416666666666,16.658333333333335
2016-09-25 00:00:00+00:00,12856.153645833334,11057.903645833334,17.1375
2016-09-26 00:00:00+00:00,14811.088541666666,14326.46875,17.1875
2016-09-27 00:00:00+00:00,15215.466145833334,14670.635416666666,16.208333333333332
2016-09-28 00:00:00+00:00,15437.119791666666,14916.919270833334,16.854166666666668
2016-09-29 00:00:00+00:00,16090.03125,14993.606770833334,18.979166666666668
2016-09-30 00:00:00+00:00,15116.6640625,14584.583333333334,16.195833333333333
2016-10-01 00:00:00+00:00,12829.4140625,12142.825520833334,14.762500000000001
2016-10-02 00:00:00+00:00,14694.8515625,11149.984375,13.441666666666668
2016-10-03 00:00:00+00:00,12747.138020833334,11429.190104166666,12.0875
2016-10-04 00:00:00+00:00,15579.518229166666,14833.578125,11.066666666666668
2016-10-05 00:00:00+00:00,16099.734375,15207.234375,9.8375
2016-10-06 00:00:00+00:00,16195.700520833334,15567.091145833334,9.391666666666667
2016-10-07 00:00:00+00:00,15414.4453125,15204.111979166666,10.845833333333333
2016-10-08 00:00:00+00:00,13695.161458333334,12800.4140625,9.0625
2016-10-09 00:00:00+00:00,13150.231770833334,11918.838541666666,8.379166666666666
2016-10-10 00:00:00+00:00,15069.697916666666,15140.346354166666,7.4750000000000005
2016-10-11 00:00:00+00:00,15874.026041666666,15512.5859375,7.404166666666666
2016-10-12 00:00:00+00:00,15977.0625,15575.526041666666,8.679166666666667
2016-10-13 00:00:00+00:00,16181.1796875,15677.4375,9.275
2016-10-14 00:00:00+00:00,16029.276041666666,15338.098958333334,10.674999999999999
2016-10-15 00:00:00+00:00,13681.380208333334,12835.71875,11.779166666666667
2016-10-16 00:00:00+00:00,12796.453125,11708.53125,10.625
2016-10-17 00:00:00+00:00,15637.151041666666,15119.294270833334,11.983333333333334
2016-10-18 00:00:00+00:00,15770.2265625,15493.119791666666,11.116666666666667
2016-10-19 00:00:00+00:00,16179.104166666666,15609.125,9.633333333333333
2016-10-20 00:00:00+00:00,15754.526041666666,15690.7265625,7.304166666666667
2016-10-21 00:00:00+00:00,15385.8984375,15385.122395833334,6.270833333333333
2016-10-22 00:00:00+00:00,13170.041666666666,12896.869791666666,7.466666666666666
2016-10-23 00:00:00+00:00,12554.716145833334,11939.729166666666,7.083333333333333
2016-10-24 00:00:00+00:00,15138.177083333334,15393.3203125,10.470833333333333
2016-10-25 00:00:00+00:00,14662.083333333334,15527.744791666666,11.5
2016-10-26 00:00:00+00:00,14802.752604166666,15441.0546875,10.262500000000001
2016-10-27 00:00:00+00:00,15631.520833333334,15570.901041666666,9.5875
2016-10-28 00:00:00+00:00,15684.364583333334,15359.390625,11.120833333333332
2016-10-29 00:00:00+00:00,15607.6953125,12846.809895833334,11.137500000000001
2016-10-30 00:00:00+00:00,12414.0078125,11732.0625,7.779166666666666
2016-10-31 00:00:00+00:00,14106.690104166666,13747.861979166666,7.920833333333333
2016-11-01 00:00:00+00:00,14213.7734375,13429.278645833334,6.608333333333333
2016-11-02 00:00:00+00:00,16278.408854166666,15763.533854166666,7.6375
2016-11-03 00:00:00+00:00,15958.278645833334,15836.231770833334,6.229166666666667
2016-11-04 00:00:00+00:00,16232.640625,15742.4453125,4.808333333333334
2016-11-05 00:00:00+00:00,14416.7421875,13575.692708333334,6.554166666666667
2016-11-06 00:00:00+00:00,13732.859375,12574.994791666666,4.958333333333333
2016-11-07 00:00:00+00:00,15754.2578125,15881.6953125,3.5083333333333333
2016-11-08 00:00:00+00:00,16391.0390625,16326.515625,2.058333333333333
2016-11-09 00:00:00+00:00,16392.536458333332,16411.96875,3.091666666666667
2016-11-10 00:00:00+00:00,16325.794270833334,16397.341145833332,4.541666666666667
2016-11-11 00:00:00+00:00,16082.036458333334,16244.8203125,4.158333333333333
2016-11-12 00:00:00+00:00,14098.643229166666,14060.651041666666,0.9583333333333334
2016-11-13 00:00:00+00:00,13924.361979166666,13096.567708333334,1.3
2016-11-14 00:00:00+00:00,16771.489583333332,16465.723958333332,-0.5291666666666667
2016-11-15 00:00:00+00:00,16939.5234375,16813.546875,2.6916666666666664
2016-11-16 00:00:00+00:00,16515.875,16446.927083333332,8.370833333333334
2016-11-17 00:00:00+00:00,16790.768229166668,16451.171875,10.520833333333334
2016-11-18 00:00:00+00:00,16623.544270833332,16139.174479166666,9.862499999999999
2016-11-19 00:00:00+00:00,14090.908854166666,13891.4296875,5.783333333333334
2016-11-20 00:00:00+00:00,13999.356770833334,12882.8828125,8.9625
2016-11-21 00:00:00+00:00,16041.640625,16079.567708333334,9.391666666666667
2016-11-22 00:00:00+00:00,16299.395833333334,16131.145833333334,8.641666666666667
2016-11-23 00:00:00+00:00,15832.515625,16101.828125,7.5874999999999995
2016-11-24 00:00:00+00:00,16713.0625,16322.1953125,7.995833333333334
2016-11-25 00:00:00+00:00,15949.721354166666,16078.973958333334,7.5
2016-11-26 00:00:00+00:00,14048.739583333334,13903.3203125,6.808333333333334
2016-11-27 00:00:00+00:00,13392.393229166666,12863.640625,5.2625
2016-11-28 00:00:00+00:00,16320.723958333334,16388.528645833332,0.35833333333333334
2016-11-29 00:00:00+00:00,16991.822916666668,16986.604166666668,-1.9583333333333333
2016-11-30 00:00:00+00:00,17247.596354166668,17085.21875,-1.1125
2016-12-01 00:00:00+00:00,17317.057291666668,16950.40625,2.125
2016-12-02 00:00:00+00:00,16288.578125,16428.3046875,4.120833333333334
2016-12-03 00:00:00+00:00,14169.481770833334,14073.78125,-2.1750000000000003
2016-12-04 00:00:00+00:00,14142.622395833334,13377.700520833334,-2.441666666666667
2016-12-05 00:00:00+00:00,16323.4921875,16713.421875,-2.1166666666666667
2016-12-06 00:00:00+00:00,16522.421875,17171.9609375,-1.8833333333333335
2016-12-07 00:00:00+00:00,17641.734375,17427.8671875,-0.6583333333333333
2016-12-08 00:00:00+00:00,17180.830729166668,16930.565104166668,0.525
2016-12-09 00:00:00+00:00,16777.364583333332,16358.0390625,2.6083333333333334
2016-12-10 00:00:00+00:00,14676.8671875,13818.5390625,2.5708333333333333
2016-12-11 00:00:00+00:00,14816.674479166666,13096.125,6.154166666666666
2016-12-12 00:00:00+00:00,15818.276041666666,16324.807291666666,5.408333333333334
2016-12-13 00:00:00+00:00,16041.3125,16638.921875,3.079166666666667
2016-12-14 00:00:00+00:00,15488.486979166666,16497.5078125,5.245833333333334
2016-12-15 00:00:00+00:00,16470.481770833332,16620.114583333332,5.3125
2016-12-16 00:00:00+00:00,15997.153645833334,16267.692708333334,2.0749999999999997
2016-12-17 00:00:00+00:00,14548.611979166666,14148.736979166666,1.0708333333333333
2016-12-18 00:00:00+00:00,13755.231770833334,13147.015625,2.4125
2016-12-19 00:00:00+00:00,15648.643229166666,16024.359375,2.7541666666666664
2016-12-20 00:00:00+00:00,16235.096354166666,16292.239583333334,0.029166666666666674
2016-12-21 00:00:00+00:00,15985.911458333334,16322.6328125,-0.6625
2016-12-22 00:00:00+00:00,15880.640625,15784.0703125,0.7458333333333335
2016-12-23 00:00:00+00:00,14784.705729166666,14629.958333333334,2.2916666666666665
2016-12-24 00:00:00+00:00,13761.614583333334,12512.8515625,6.1375
2016-12-25 00:00:00+00:00,12773.4453125,11588.205729166666,7.179166666666667
2016-12-26 00:00:00+00:00,12861.822916666666,11714.1171875,7.233333333333333
2016-12-27 00:00:00+00:00,13724.135416666666,13434.947916666666,4.170833333333333
2016-12-28 00:00:00+00:00,12455.2109375,13360.510416666666,3.595833333333333
2016-12-29 00:00:00+00:00,13172.966145833334,13315.075520833334,1.6958333333333335
2016-12-30 00:00:00+00:00,13220.416666666666,13308.109375,-1.1291666666666667
2016-12-31 00:00:00+00:00,11731.25,12520.645833333334,-2.4291666666666667
2017-01-01 00:00:00+00:00,11517.497395833334,11807.604166666666,-2.4291666666666667
2017-01-02 00:00:00+00:00,13420.729166666666,15032.177083333334,-0.6916666666666668
2017-01-03 00:00:00+00:00,15150.247395833334,16031.78125,0.075
2017-01-04 00:00:00+00:00,15406.854166666666,16332.8828125,2.7291666666666665
2017-01-05 00:00:00+00:00,14395.588541666666,16105.434895833334,-1.6791666666666665
2017-01-06 00:00:00+00:00,13650.760416666666,15570.838541666666,-6.045833333333333
2017-01-07 00:00:00+00:00,13635.919270833334,14606.528645833334,-5.516666666666667
2017-01-08 00:00:00+00:00,12037.252604166666,13379.098958333334,-1.5541666666666665
2017-01-09 00:00:00+00:00,14180.135416666666,16629.466145833332,-0.30416666666666664
2017-01-10 00:00:00+00:00,14837.5390625,17072.075520833332,-0.5291666666666667
2017-01-11 00:00:00+00:00,15885.059895833334,17180.927083333332,1.325
2017-01-12 00:00:00+00:00,15704.986979166666,16862.565104166668,3.079166666666667
2017-01-13 00:00:00+00:00,15643.075520833334,16816.666666666668,1.675
2017-01-14 00:00:00+00:00,14132.75,14487.911458333334,1.3708333333333333
2017-01-15 00:00:00+00:00,12523.052083333334,13469.2890625,-0.5750000000000001
2017-01-16 00:00:00+00:00,14176.213541666666,16723.276041666668,-3.2916666666666665
2017-01-17 00:00:00+00:00,14412.802083333334,17175.354166666668,-2.7416666666666667
2017-01-18 00:00:00+00:00,14948.372395833334,17280.125,-3.6791666666666667
2017-01-19 00:00:00+00:00,14836.942708333334,17312.3046875,-3.5541666666666667
2017-01-20 00:00:00+00:00,14691.0,16910.182291666668,-2.779166666666667
2017-01-21 00:00:00+00:00,13310.807291666666,14549.333333333334,-3.420833333333333
2017-01-22 00:00:00+00:00,12525.919270833334,13612.4296875,-4.625
2017-01-23 00:00:00+00:00,14225.380208333334,17095.307291666668,-5.8125
2017-01-24 00:00:00+00:00,13939.361979166666,17382.151041666668,-2.8041666666666667
2017-01-25 00:00:00+00:00,14192.744791666666,17366.625,-3.3958333333333335
2017-01-26 00:00:00+00:00,15148.591145833334,17245.559895833332,-2.158333333333333
2017-01-27 00:00:00+00:00,15127.1640625,16998.497395833332,-2.3208333333333333
2017-01-28 00:00:00+00:00,13718.5859375,14591.473958333334,-2.8958333333333335
2017-01-29 00:00:00+00:00,13121.4609375,13581.234375,-0.2291666666666667
2017-01-30 00:00:00+00:00,15543.15625,16763.393229166668,2.2708333333333335
2017-01-31 00:00:00+00:00,14504.520833333334,16843.846354166668,2.4833333333333334
2017-02-01 00:00:00+00:00,14880.846354166666,16906.450520833332,2.5500000000000003
2017-02-02 00:00:00+00:00,14748.729166666666,16822.765625,3.8708333333333336
2017-02-03 00:00:00+00:00,14005.020833333334,16372.6796875,5.004166666666666
2017-02-04 00:00:00+00:00,13092.0,14043.903645833334,4.904166666666667
2017-02-05 00:00:00+00:00,12014.421875,12953.174479166666,4.495833333333334
2017-02-06 00:00:00+00:00,14207.3828125,16398.041666666668,3.1458333333333335
2017-02-07 00:00:00+00:00,14791.0703125,16959.994791666668,2.4375
2017-02-08 00:00:00+00:00,14473.8125,16965.893229166668,0.7958333333333334
2017-02-09 00:00:00+00:00,14886.486979166666,17082.067708333332,-0.5666666666666667
2017-02-10 00:00:00+00:00,15115.502604166666,16944.666666666668,0.04166666666666665
2017-02-11 00:00:00+00:00,13894.677083333334,14416.763020833334,1.6833333333333333
2017-02-12 00:00:00+00:00,13509.575520833334,13373.986979166666,1.6541666666666668
2017-02-13 00:00:00+00:00,15619.075520833334,16797.763020833332,2.158333333333333
2017-02-14 00:00:00+00:00,15061.2890625,16762.9296875,2.3416666666666663
2017-02-15 00:00:00+00:00,14334.393229166666,16518.291666666668,1.1458333333333333
2017-02-16 00:00:00+00:00,14999.044270833334,16490.760416666668,3.216666666666667
2017-02-17 00:00:00+00:00,14473.096354166666,16271.919270833334,4.6875
2017-02-18 00:00:00+00:00,12800.421875,13830.427083333334,4.645833333333333
2017-02-19 00:00:00+00:00,12894.494791666666,12988.3125,2.85
2017-02-20 00:00:00+00:00,15657.744791666666,16394.25,6.758333333333333
2017-02-21 00:00:00+00:00,15185.236979166666,16399.268229166668,9.591666666666667
2017-02-22 00:00:00+00:00,16510.6796875,16588.296875,9.979166666666666
2017-02-23 00:00:00+00:00,15862.434895833334,16415.333333333332,9.104166666666666
2017-02-24 00:00:00+00:00,14679.166666666666,15971.3359375,4.829166666666667
2017-02-25 00:00:00+00:00,13030.919270833334,13784.049479166666,2.9625
2017-02-26 00:00:00+00:00,13186.244791666666,12583.03125,6.8
2017-02-27 00:00:00+00:00,14843.2890625,15377.236979166666,10.025
2017-02-28 00:00:00+00:00,15074.510416666666,16104.1796875,5.620833333333334
2017-03-01 00:00:00+00:00,14607.901041666666,16231.552083333334,5.954166666666667
2017-03-02 00:00:00+00:00,15904.971354166666,16245.1015625,7.458333333333333
2017-03-03 00:00:00+00:00,13733.653645833334,15731.2734375,6.0125
2017-03-04 00:00:00+00:00,11724.528645833334,13227.546875,7.741666666666667
2017-03-05 00:00:00+00:00,12209.953125,12526.955729166666,6.754166666666666
2017-03-06 00:00:00+00:00,14144.921875,15887.34375,5.354166666666667
2017-03-07 00:00:00+00:00,13561.200520833334,16218.3828125,5.304166666666666
2017-03-08 00:00:00+00:00,14292.200520833334,16430.567708333332,5.2749999999999995
2017-03-09 00:00:00+00:00,14236.794270833334,16222.809895833334,8.612499999999999
2017-03-10 00:00:00+00:00,13752.8671875,15643.361979166666,6.2250000000000005
2017-03-11 00:00:00+00:00,11854.072916666666,13320.622395833334,5.370833333333334
2017-03-12 00:00:00+00:00,12512.479166666666,12267.0546875,5.875
2017-03-13 00:00:00+00:00,13359.802083333334,15396.5703125,5.604166666666667
2017-03-14 00:00:00+00:00,14297.484375,15706.8125,7.533333333333334
2017-03-15 00:00:00+00:00,14074.5625,15573.713541666666,8.775
2017-03-16 00:00:00+00:00,13923.966145833334,15438.885416666666,8.6
2017-03-17 00:00:00+00:00,14668.6171875,15367.932291666666,8.083333333333334
2017-03-18 00:00:00+00:00,14004.09375,13546.328125,8.616666666666667
2017-03-19 00:00:00+00:00,12546.578125,12699.174479166666,11.658333333333333
2017-03-20 00:00:00+00:00,14540.734375,15530.286458333334,10.841666666666667
2017-03-21 00:00:00+00:00,14266.291666666666,15791.041666666666,9.208333333333334
2017-03-22 00:00:00+00:00,13553.5859375,15916.546875,6.604166666666667
2017-03-23 00:00:00+00:00,14187.966145833334,15715.403645833334,8.695833333333333
2017-03-24 00:00:00+00:00,13777.140625,15431.604166666666,8.625
2017-03-25 00:00:00+00:00,12212.895833333334,12868.776041666666,8.933333333333334
2017-03-26 00:00:00+00:00,11149.309895833334,11687.3984375,8.641666666666667
2017-03-27 00:00:00+00:00,12895.1484375,15058.591145833334,8.454166666666667
2017-03-28 00:00:00+00:00,13248.1875,15196.6640625,11.1
2017-03-29 00:00:00+00:00,14092.799479166666,15291.317708333334,12.266666666666666
2017-03-30 00:00:00+00:00,13441.760416666666,15098.197916666666,12.791666666666666
2017-03-31 00:00:00+00:00,13746.497395833334,14765.078125,13.654166666666667
2017-04-01 00:00:00+00:00,10958.9140625,12336.138020833334,12.549999999999999
2017-04-02 00:00:00+00:00,11111.5078125,11374.700520833334,12.341666666666667
2017-04-03 00:00:00+00:00,12812.208333333334,14594.333333333334,12.4
2017-04-04 00:00:00+00:00,12760.161458333334,14743.638020833334,10.145833333333334
2017-04-05 00:00:00+00:00,14044.744791666666,15170.104166666666,10.029166666666667
2017-04-06 00:00:00+00:00,14106.861979166666,15266.888020833334,8.041666666666666
2017-04-07 00:00:00+00:00,14129.0859375,15042.770833333334,9.141666666666667
2017-04-08 00:00:00+00:00,10786.440104166666,12463.7109375,10.9625
2017-04-09 00:00:00+00:00,10785.40625,11540.549479166666,12.2875
2017-04-10 00:00:00+00:00,14470.611979166666,14908.791666666666,11.883333333333333
2017-04-11 00:00:00+00:00,13715.453125,15113.3046875,9.304166666666667
2017-04-12 00:00:00+00:00,14925.653645833334,15217.09375,11.329166666666666
2017-04-13 00:00:00+00:00,14110.989583333334,14830.515625,10.870833333333332
2017-04-14 00:00:00+00:00,11673.4375,11798.934895833334,9.987499999999999
2017-04-15 00:00:00+00:00,12870.6640625,12135.817708333334,9.633333333333333
2017-04-16 00:00:00+00:00,10748.354166666666,10994.984375,7.7
2017-04-17 00:00:00+00:00,10601.015625,11322.6640625,5.820833333333333
2017-04-18 00:00:00+00:00,13690.625,14997.015625,4.979166666666667
2017-04-19 00:00:00+00:00,13490.901041666666,15427.372395833334,3.408333333333333
2017-04-20 00:00:00+00:00,13601.059895833334,15394.294270833334,4.320833333333334
2017-04-21 00:00:00+00:00,14542.643229166666,15314.703125,8.8375
2017-04-22 00:00:00+00:00,13489.369791666666,13110.989583333334,8.870833333333334
2017-04-23 00:00:00+00:00,12353.026041666666,12145.5625,6.170833333333333
2017-04-24 00:00:00+00:00,14218.106770833334,15237.322916666666,7.795833333333333
2017-04-25 00:00:00+00:00,13761.1953125,15448.822916666666,7.704166666666667
2017-04-26 00:00:00+00:00,13058.692708333334,15512.700520833334,7.316666666666666
2017-04-27 00:00:00+00:00,13237.513020833334,15479.098958333334,7.504166666666666
2017-04-28 00:00:00+00:00,12661.346354166666,15158.6953125,7.675
2017-04-29 00:00:00+00:00,11540.2421875,12378.625,8.745833333333334
2017-04-30 00:00:00+00:00,12296.6484375,11442.6015625,11.104166666666666
2017-05-01 00:00:00+00:00,11759.6328125,11605.739583333334,9.129166666666666
2017-05-02 00:00:00+00:00,14382.807291666666,15247.091145833334,8.654166666666667
2017-05-03 00:00:00+00:00,14490.973958333334,15438.575520833334,9.8125
2017-05-04 00:00:00+00:00,14675.833333333334,15616.419270833334,10.829166666666666
2017-05-05 00:00:00+00:00,12938.106770833334,15008.377604166666,10.9375
2017-05-06 00:00:00+00:00,11473.921875,12584.9375,13.791666666666666
2017-05-07 00:00:00+00:00,10495.114583333334,11702.197916666666,13.4
2017-05-08 00:00:00+00:00,13285.578125,15012.869791666666,10.591666666666667
2017-05-09 00:00:00+00:00,12808.7109375,14831.09375,9.241666666666667
2017-05-10 00:00:00+00:00,13305.828125,14769.958333333334,10.045833333333333
2017-05-11 00:00:00+00:00,13713.1015625,14708.1171875,14.125
2017-05-12 00:00:00+00:00,13364.575520833334,14582.705729166666,15.058333333333332
2017-05-13 00:00:00+00:00,11180.0390625,12249.877604166666,16.341666666666665
2017-05-14 00:00:00+00:00,10401.057291666666,11201.625,15.204166666666666
2017-05-15 00:00:00+00:00,12633.2265625,14471.494791666666,15.391666666666666
2017-05-16 00:00:00+00:00,13428.231770833334,14900.924479166666,16.966666666666665
2017-05-17 00:00:00+00:00,13990.3984375,14958.723958333334,19.75
2017-05-18 00:00:00+00:00,13453.71875,14905.625,19.341666666666665
2017-05-19 00:00:00+00:00,12861.005208333334,14671.513020833334,14.333333333333334
2017-05-20 00:00:00+00:00,11501.953125,12220.752604166666,12.491666666666667
2017-05-21 00:00:00+00:00,10596.6640625,11197.7109375,14.145833333333334
2017-05-22 00:00:00+00:00,13008.098958333334,14336.026041666666,16.729166666666668
2017-05-23 00:00:00+00:00,14167.299479166666,14777.8203125,17.995833333333334
2017-05-24 00:00:00+00:00,13508.315104166666,14553.3125,15.487499999999999
2017-05-25 00:00:00+00:00,11158.8359375,11401.231770833334,16.983333333333334
2017-05-26 00:00:00+00:00,11401.729166666666,12845.466145833334,18.558333333333334
2017-05-27 00:00:00+00:00,11841.307291666666,12017.833333333334,21.133333333333333
2017-05-28 00:00:00+00:00,11163.098958333334,11273.822916666666,23.05
2017-05-29 00:00:00+00:00,13186.1015625,14632.252604166666,24.212500000000002
2017-05-30 00:00:00+00:00,14246.526041666666,14956.763020833334,22.77916666666667
2017-05-31 00:00:00+00:00,14596.106770833334,14866.9765625,19.779166666666665
2017-06-01 00:00:00+00:00,13004.802083333334,14564.153645833334,20.054166666666667
2017-06-02 00:00:00+00:00,12813.544270833334,14392.645833333334,21.52916666666667
2017-06-03 00:00:00+00:00,10950.552083333334,12085.6953125,21.662499999999998
2017-06-04 00:00:00+00:00,10720.153645833334,10692.6875,17.6125
2017-06-05 00:00:00+00:00,10645.690104166666,10817.716145833334,16.833333333333332
2017-06-06 00:00:00+00:00,13828.244791666666,14428.630208333334,15.112499999999999
2017-06-07 00:00:00+00:00,15499.536458333334,14902.809895833334,14.058333333333332
2017-06-08 00:00:00+00:00,13420.361979166666,14606.5625,17.016666666666666
2017-06-09 00:00:00+00:00,12910.697916666666,14531.966145833334,16.895833333333332
2017-06-10 00:00:00+00:00,11289.583333333334,12156.338541666666,17.416666666666668
2017-06-11 00:00:00+00:00,11953.299479166666,11308.578125,21.854166666666668
2017-06-12 00:00:00+00:00,14836.9375,14802.8828125,20.1375
2017-06-13 00:00:00+00:00,14010.377604166666,14803.934895833334,17.904166666666665
2017-06-14 00:00:00+00:00,13014.3984375,14303.151041666666,19.308333333333334
2017-06-15 00:00:00+00:00,12570.924479166666,12655.4453125,21.979166666666668
2017-06-16 00:00:00+00:00,14361.138020833334,13765.9140625,19.441666666666666
2017-06-17 00:00:00+00:00,12306.6484375,12055.1328125,17.595833333333335
2017-06-18 00:00:00+00:00,11014.104166666666,11191.028645833334,20.9375
2017-06-19 00:00:00+00:00,13499.513020833334,14541.260416666666,23.474999999999998
2017-06-20 00:00:00+00:00,14357.776041666666,14977.0,25.879166666666666
2017-06-21 00:00:00+00:00,13774.796875,14846.643229166666,26.1875
2017-06-22 00:00:00+00:00,14708.494791666666,15140.609375,27.724999999999998
2017-06-23 00:00:00+00:00,14731.924479166666,14905.940104166666,22.508333333333336
2017-06-24 00:00:00+00:00,12801.4609375,12573.4765625,20.8875
2017-06-25 00:00:00+00:00,11833.817708333334,11515.083333333334,21.091666666666665
2017-06-26 00:00:00+00:00,13835.7734375,14567.765625,22.474999999999998
2017-06-27 00:00:00+00:00,13277.729166666666,14693.747395833334,20.704166666666666
2017-06-28 00:00:00+00:00,14137.640625,14784.5546875,20.7375
2017-06-29 00:00:00+00:00,13073.630208333334,14730.880208333334,18.045833333333334
2017-06-30 00:00:00+00:00,13988.885416666666,14633.268229166666,18.0625
2017-07-01 00:00:00+00:00,11991.364583333334,12316.3359375,16.133333333333333
2017-07-02 00:00:00+00:00,11611.736979166666,11339.481770833334,17.004166666666666
2017-07-03 00:00:00+00:00,13619.255208333334,14293.380208333334,18.470833333333335
2017-07-04 00:00:00+00:00,13467.447916666666,14626.346354166666,20.233333333333334
2017-07-05 00:00:00+00:00,13016.359375,14717.2578125,22.599999999999998
2017-07-06 00:00:00+00:00,13534.296875,14799.921875,24.695833333333336
2017-07-07 00:00:00+00:00,13391.03125,14695.333333333334,24.708333333333332
2017-07-08 00:00:00+00:00,11409.390625,12445.161458333334,24.599999999999998
2017-07-09 00:00:00+00:00,10338.044270833334,11355.229166666666,24.858333333333334
2017-07-10 00:00:00+00:00,12318.765625,14656.8828125,21.1375
2017-07-11 00:00:00+00:00,12593.442708333334,14766.763020833334,20.5125
2017-07-12 00:00:00+00:00,13115.328125,14922.776041666666,17.808333333333334
2017-07-13 00:00:00+00:00,12776.783854166666,14536.182291666666,16.083333333333332
2017-07-14 00:00:00+00:00,11273.6328125,14307.921875,17.733333333333334
2017-07-15 00:00:00+00:00,10323.216145833334,11984.721354166666,16.7375
2017-07-16 00:00:00+00:00,10706.213541666666,11152.338541666666,19.595833333333335
2017-07-17 00:00:00+00:00,12174.169270833334,14288.174479166666,21.075
2017-07-18 00:00:00+00:00,12517.760416666666,14613.005208333334,23.145833333333332
2017-07-19 00:00:00+00:00,13396.786458333334,14841.458333333334,25.695833333333336
2017-07-20 00:00:00+00:00,11969.942708333334,14625.7890625,21.933333333333334
2017-07-21 00:00:00+00:00,11902.3203125,14268.671875,22.8125
2017-07-22 00:00:00+00:00,11000.364583333334,12188.0,21.958333333333332
2017-07-23 00:00:00+00:00,10469.7421875,11035.065104166666,19.75
2017-07-24 00:00:00+00:00,11517.002604166666,14101.807291666666,16.05
2017-07-25 00:00:00+00:00,12517.208333333334,14595.046875,14.575000000000001
2017-07-26 00:00:00+00:00,12415.729166666666,14484.122395833334,17.3625
2017-07-27 00:00:00+00:00,11941.369791666666,14463.1171875,18.454166666666666
2017-07-28 00:00:00+00:00,12541.677083333334,13998.473958333334,18.645833333333332
2017-07-29 00:00:00+00:00,11570.268229166666,11972.848958333334,21.608333333333334
2017-07-30 00:00:00+00:00,11296.403645833334,11201.942708333334,23.087500000000002
2017-07-31 00:00:00+00:00,11971.848958333334,14052.716145833334,22.358333333333334
2017-08-01 00:00:00+00:00,12106.953125,14378.78125,21.933333333333334
2017-08-02 00:00:00+00:00,12239.3046875,14376.559895833334,22.6375
2017-08-03 00:00:00+00:00,13523.567708333334,14628.4296875,22.491666666666664
2017-08-04 00:00:00+00:00,13934.044270833334,14279.526041666666,21.145833333333332
2017-08-05 00:00:00+00:00,11713.875,11851.927083333334,20.529166666666665
2017-08-06 00:00:00+00:00,10864.21875,10707.682291666666,18.066666666666666
2017-08-07 00:00:00+00:00,12278.5078125,13725.46875,19.175
2017-08-08 00:00:00+00:00,13025.864583333334,14231.0,18.775000000000002
2017-08-09 00:00:00+00:00,12845.578125,14333.03125,18.679166666666667
2017-08-10 00:00:00+00:00,11446.78125,14229.424479166666,15.887500000000001
2017-08-11 00:00:00+00:00,11118.6484375,13942.419270833334,15.245833333333332
2017-08-12 00:00:00+00:00,11267.796875,11807.174479166666,15.683333333333332
2017-08-13 00:00:00+00:00,9986.1875,10735.036458333334,18.587500000000002
2017-08-14 00:00:00+00:00,12159.046875,13594.080729166666,19.966666666666665
2017-08-15 00:00:00+00:00,12321.755208333334,13848.890625,20.8625
2017-08-16 00:00:00+00:00,12134.544270833334,14249.440104166666,20.358333333333334
2017-08-17 00:00:00+00:00,13412.661458333334,14442.341145833334,21.079166666666666
2017-08-18 00:00:00+00:00,12912.520833333334,14254.380208333334,19.6375
2017-08-19 00:00:00+00:00,12403.916666666666,11872.114583333334,16.966666666666665
2017-08-20 00:00:00+00:00,11483.885416666666,10945.291666666666,15.65
2017-08-21 00:00:00+00:00,13221.161458333334,14049.856770833334,16.220833333333335
2017-08-22 00:00:00+00:00,12608.221354166666,14086.244791666666,16.870833333333334
2017-08-23 00:00:00+00:00,12895.716145833334,14130.0859375,19.5
2017-08-24 00:00:00+00:00,13517.127604166666,14356.8203125,20.275
2017-08-25 00:00:00+00:00,12795.091145833334,14134.518229166666,20.724999999999998
2017-08-26 00:00:00+00:00,11514.645833333334,11946.411458333334,22.0625
2017-08-27 00:00:00+00:00,11443.9296875,11062.559895833334,21.425
2017-08-28 00:00:00+00:00,12745.372395833334,14121.234375,20.816666666666666
2017-08-29 00:00:00+00:00,13497.901041666666,14515.799479166666,22.204166666666666
2017-08-30 00:00:00+00:00,14072.307291666666,14686.7890625,22.829166666666666
2017-08-31 00:00:00+00:00,13589.40625,14503.7890625,18.1875
2017-09-01 00:00:00+00:00,11906.817708333334,13957.395833333334,16.291666666666668
2017-09-02 00:00:00+00:00,10605.0703125,11688.276041666666,14.229166666666666
2017-09-03 00:00:00+00:00,10242.356770833334,10850.325520833334,14.608333333333334
2017-09-04 00:00:00+00:00,12783.731770833334,14069.033854166666,15.620833333333332
2017-09-05 00:00:00+00:00,12836.471354166666,14482.541666666666,19.220833333333335
2017-09-06 00:00:00+00:00,13901.067708333334,14799.640625,18.354166666666668
2017-09-07 00:00:00+00:00,13574.8984375,14492.083333333334,16.0125
2017-09-08 00:00:00+00:00,14250.333333333334,14713.161458333334,17.566666666666666
2017-09-09 00:00:00+00:00,11362.65625,12313.690104166666,16.441666666666666
2017-09-10 00:00:00+00:00,11156.333333333334,11258.002604166666,14.762500000000001
2017-09-11 00:00:00+00:00,14581.625,14709.028645833334,14.641666666666666
2017-09-12 00:00:00+00:00,13933.166666666666,14956.84375,14.670833333333334
2017-09-13 00:00:00+00:00,15414.893229166666,15312.9296875,15.304166666666667
2017-09-14 00:00:00+00:00,15063.9921875,15184.328125,12.512500000000001
2017-09-15 00:00:00+00:00,13930.432291666666,14656.497395833334,11.4
2017-09-16 00:00:00+00:00,11427.8046875,12278.651041666666,10.566666666666666
2017-09-17 00:00:00+00:00,10927.140625,11312.526041666666,10.512500000000001
2017-09-18 00:00:00+00:00,13052.296875,14581.041666666666,11.375
2017-09-19 00:00:00+00:00,13276.606770833334,14817.130208333334,11.520833333333334
2017-09-20 00:00:00+00:00,13599.7109375,14861.619791666666,10.879166666666668
2017-09-21 00:00:00+00:00,12938.671875,14728.388020833334,11.733333333333334
2017-09-22 00:00:00+00:00,12743.927083333334,14501.911458333334,12.5875
2017-09-23 00:00:00+00:00,11592.393229166666,12315.283854166666,13.854166666666666
2017-09-24 00:00:00+00:00,10877.268229166666,11506.200520833334,13.700000000000001
2017-09-25 00:00:00+00:00,13291.1328125,14789.588541666666,13.887500000000001
2017-09-26 00:00:00+00:00,13615.6640625,14996.098958333334,13.583333333333334
2017-09-27 00:00:00+00:00,13696.119791666666,15055.674479166666,13.995833333333332
2017-09-28 00:00:00+00:00,13264.684895833334,15035.513020833334,15.420833333333334
2017-09-29 00:00:00+00:00,13807.5625,14823.395833333334,16.629166666666666
2017-09-30 00:00:00+00:00,12231.0078125,12593.5625,15.429166666666667
2017-10-01 00:00:00+00:00,11230.322916666666,11448.859375,12.504166666666668
2017-10-02 00:00:00+00:00,13905.127604166666,13898.848958333334,14.158333333333333
2017-10-03 00:00:00+00:00,12964.03125,12278.325520833334,13.108333333333334
2017-10-04 00:00:00+00:00,15446.1015625,15106.268229166666,11.995833333333332
2017-10-05 00:00:00+00:00,15940.783854166666,15481.6875,12.391666666666666
2017-10-06 00:00:00+00:00,15180.8359375,15342.450520833334,10.191666666666666
2017-10-07 00:00:00+00:00,13821.114583333334,13046.286458333334,10.791666666666666
2017-10-08 00:00:00+00:00,12073.182291666666,11993.1015625,12.6
2017-10-09 00:00:00+00:00,14037.307291666666,15091.755208333334,10.654166666666667
2017-10-10 00:00:00+00:00,14704.8671875,15577.015625,12.737499999999999
2017-10-11 00:00:00+00:00,15369.065104166666,15664.674479166666,13.887500000000001
2017-10-12 00:00:00+00:00,15488.390625,15507.3125,14.254166666666668
2017-10-13 00:00:00+00:00,14543.869791666666,15163.231770833334,14.3125
2017-10-14 00:00:00+00:00,13081.809895833334,12768.197916666666,14.416666666666666
2017-10-15 00:00:00+00:00,12075.255208333334,11604.697916666666,12.741666666666667
2017-10-16 00:00:00+00:00,14950.276041666666,14953.169270833334,14.758333333333333
2017-10-17 00:00:00+00:00,15101.252604166666,15316.390625,13.754166666666668
2017-10-18 00:00:00+00:00,13905.046875,15271.380208333334,12.920833333333334
2017-10-19 00:00:00+00:00,14330.544270833334,15292.098958333334,13.2125
2017-10-20 00:00:00+00:00,14513.166666666666,15265.1640625,11.995833333333332
2017-10-21 00:00:00+00:00,12643.885416666666,12912.846354166666,11.941666666666668
2017-10-22 00:00:00+00:00,12884.455729166666,12155.544270833334,9.85
2017-10-23 00:00:00+00:00,14691.513020833334,15375.1328125,9.725
2017-10-24 00:00:00+00:00,14578.9140625,15623.239583333334,12.612499999999999
2017-10-25 00:00:00+00:00,15113.260416666666,15644.752604166666,14.737499999999999
2017-10-26 00:00:00+00:00,14755.091145833334,15392.276041666666,12.316666666666668
2017-10-27 00:00:00+00:00,14844.0859375,15323.7421875,11.25
2017-10-28 00:00:00+00:00,14084.104166666666,13358.833333333334,9.975
2017-10-29 00:00:00+00:00,13037.393229166666,12453.510416666666,10.720833333333333
2017-10-30 00:00:00+00:00,13160.1953125,14046.4921875,7.170833333333333
2017-10-31 00:00:00+00:00,12155.348958333334,12665.666666666666,6.0125
2017-11-01 00:00:00+00:00,13214.174479166666,14076.716145833334,8.575000000000001
2017-11-02 00:00:00+00:00,14235.346354166666,15263.442708333334,9.508333333333333
2017-11-03 00:00:00+00:00,13907.46875,15160.6796875,7.3625
2017-11-04 00:00:00+00:00,13067.9453125,13357.15625,9.158333333333333
2017-11-05 00:00:00+00:00,12337.453125,12306.0390625,8.700000000000001
2017-11-06 00:00:00+00:00,13715.802083333334,15475.361979166666,5.179166666666666
2017-11-07 00:00:00+00:00,14369.322916666666,15929.533854166666,6.708333333333333
2017-11-08 00:00:00+00:00,13445.28125,15867.328125,7.545833333333333
2017-11-09 00:00:00+00:00,14342.75,15933.981770833334,7.320833333333333
2017-11-10 00:00:00+00:00,15486.799479166666,16147.236979166666,6.104166666666667
2017-11-11 00:00:00+00:00,13810.427083333334,13987.479166666666,5.708333333333333
2017-11-12 00:00:00+00:00,11873.40625,12865.734375,3.975
2017-11-13 00:00:00+00:00,14071.135416666666,15832.325520833334,4.795833333333333
2017-11-14 00:00:00+00:00,14826.018229166666,16189.408854166666,3.391666666666667
2017-11-15 00:00:00+00:00,13739.627604166666,15811.903645833334,3.095833333333333
2017-11-16 00:00:00+00:00,14277.013020833334,16252.0234375,2.4
2017-11-17 00:00:00+00:00,14196.236979166666,16016.783854166666,3.85
2017-11-18 00:00:00+00:00,14559.515625,14222.583333333334,4.520833333333333
2017-11-19 00:00:00+00:00,14352.177083333334,13094.247395833334,5.441666666666666
2017-11-20 00:00:00+00:00,15372.143229166666,16302.651041666666,4.295833333333333
2017-11-21 00:00:00+00:00,15620.369791666666,16355.609375,8.112499999999999
2017-11-22 00:00:00+00:00,16072.401041666666,16195.484375,7.9375
2017-11-23 00:00:00+00:00,16867.559895833332,16541.143229166668,9.887500000000001
2017-11-24 00:00:00+00:00,14889.799479166666,15943.682291666666,10.725
2017-11-25 00:00:00+00:00,13392.065104166666,13904.716145833334,5.8
2017-11-26 00:00:00+00:00,14736.776041666666,13398.575520833334,2.0166666666666666
2017-11-27 00:00:00+00:00,16786.450520833332,16920.546875,3.3666666666666667
2017-11-28 00:00:00+00:00,16443.044270833332,16904.122395833332,4.2
2017-11-29 00:00:00+00:00,14430.653645833334,16543.598958333332,2.4625
2017-11-30 00:00:00+00:00,14351.958333333334,16627.153645833332,1.0208333333333333
2017-12-01 00:00:00+00:00,14006.416666666666,16336.005208333334,-0.3625
2017-12-02 00:00:00+00:00,12944.3671875,14398.002604166666,-0.7625000000000001
2017-12-03 00:00:00+00:00,13770.598958333334,13821.348958333334,-0.5958333333333333
2017-12-04 00:00:00+00:00,15900.28125,17051.0078125,3.6875
2017-12-05 00:00:00+00:00,16339.388020833334,17248.778645833332,4.0375000000000005
2017-12-06 00:00:00+00:00,16445.28125,17033.760416666668,4.533333333333333
2017-12-07 00:00:00+00:00,17280.455729166668,17087.875,3.704166666666667
2017-12-08 00:00:00+00:00,16380.315104166666,16901.848958333332,3.1791666666666667
2017-12-09 00:00:00+00:00,15343.114583333334,14778.033854166666,0.1625
2017-12-10 00:00:00+00:00,14609.2421875,13854.833333333334,1.55
2017-12-11 00:00:00+00:00,15755.682291666666,16911.145833333332,6.408333333333334
2017-12-12 00:00:00+00:00,16289.877604166666,17276.4921875,2.5166666666666666
2017-12-13 00:00:00+00:00,16715.221354166668,17301.723958333332,2.033333333333333
2017-12-14 00:00:00+00:00,16528.6484375,17200.286458333332,4.1000000000000005
2017-12-15 00:00:00+00:00,13974.934895833334,16357.119791666666,1.9791666666666667
2017-12-16 00:00:00+00:00,13318.979166666666,14381.7421875,1.6166666666666665
2017-12-17 00:00:00+00:00,12709.481770833334,13557.473958333334,1.6791666666666665
2017-12-18 00:00:00+00:00,13891.130208333334,16485.4296875,1.0875000000000001
2017-12-19 00:00:00+00:00,13898.075520833334,16487.4296875,1.8791666666666667
2017-12-20 00:00:00+00:00,13813.372395833334,16129.84375,3.375
2017-12-21 00:00:00+00:00,14483.932291666666,15845.536458333334,6.016666666666667
2017-12-22 00:00:00+00:00,13213.955729166666,14828.778645833334,6.870833333333334
2017-12-23 00:00:00+00:00,13875.684895833334,13207.28125,7.8500000000000005
2017-12-24 00:00:00+00:00,12776.276041666666,11893.416666666666,7.783333333333334
2017-12-25 00:00:00+00:00,12063.322916666666,11620.5,5.683333333333334
2017-12-26 00:00:00+00:00,13511.1015625,11899.859375,4.4875
2017-12-27 00:00:00+00:00,12081.208333333334,13224.3671875,4.070833333333334
2017-12-28 00:00:00+00:00,13105.190104166666,13713.875,2.3
2017-12-29 00:00:00+00:00,13829.260416666666,13625.770833333334,0.3416666666666666
2017-12-30 00:00:00+00:00,13723.489583333334,12726.661458333334,6.404166666666666
2017-12-31 00:00:00+00:00,12908.1171875,11750.838541666666,11.208333333333334
2018-01-01 00:00:00+00:00,13276.953125,11930.372395833334,7.175
2018-01-02 00:00:00+00:00,14458.002604166666,14863.817708333334,5.391666666666667
2018-01-03 00:00:00+00:00,17081.807291666668,16374.4921875,7.816666666666666
2018-01-04 00:00:00+00:00,16011.268229166666,16031.885416666666,7.6375
2018-01-05 00:00:00+00:00,15800.130208333334,15685.575520833334,8.25
2018-01-06 00:00:00+00:00,12581.020833333334,13417.067708333334,7.104166666666667
2018-01-07 00:00:00+00:00,13021.15625,13052.9296875,5.145833333333333
2018-01-08 00:00:00+00:00,16702.3203125,16578.846354166668,5.3999999999999995
2018-01-09 00:00:00+00:00,16487.5390625,16916.205729166668,5.029166666666667
2018-01-10 00:00:00+00:00,14982.497395833334,16248.098958333334,6.454166666666667
2018-01-11 00:00:00+00:00,14600.166666666666,16262.567708333334,5.083333333333333
2018-01-12 00:00:00+00:00,14854.588541666666,16195.356770833334,4.804166666666666
2018-01-13 00:00:00+00:00,14164.166666666666,14334.802083333334,3.6625
2018-01-14 00:00:00+00:00,13968.71875,13471.171875,2.1125000000000003
2018-01-15 00:00:00+00:00,17410.559895833332,17203.1796875,2.8541666666666665
2018-01-16 00:00:00+00:00,16955.403645833332,17247.0625,5.8875
2018-01-17 00:00:00+00:00,17058.856770833332,17330.153645833332,2.829166666666667
2018-01-18 00:00:00+00:00,17114.421875,17333.4609375,5.133333333333334
2018-01-19 00:00:00+00:00,15500.5,16355.166666666666,2.566666666666667
2018-01-20 00:00:00+00:00,13424.247395833334,14187.822916666666,1.6666666666666667
2018-01-21 00:00:00+00:00,11297.697916666666,13194.9765625,2.3333333333333335
2018-01-22 00:00:00+00:00,15598.348958333334,16469.971354166668,3.0666666666666664
2018-01-23 00:00:00+00:00,16057.2109375,16688.96875,6.1625000000000005
2018-01-24 00:00:00+00:00,17400.330729166668,17078.822916666668,9.283333333333333
2018-01-25 00:00:00+00:00,16216.296875,16414.21875,9.108333333333333
2018-01-26 00:00:00+00:00,14305.440104166666,15844.203125,6.708333333333333
2018-01-27 00:00:00+00:00,13661.9375,13913.036458333334,4.920833333333333
2018-01-28 00:00:00+00:00,14654.6171875,13463.950520833334,6.625
2018-01-29 00:00:00+00:00,17209.723958333332,16854.5,8.745833333333334
2018-01-30 00:00:00+00:00,16370.3515625,16629.692708333332,5.320833333333334
2018-01-31 00:00:00+00:00,17270.369791666668,17054.799479166668,7.483333333333333
2018-02-01 00:00:00+00:00,16493.3125,16908.763020833332,3.0625
2018-02-02 00:00:00+00:00,16378.734375,16420.934895833332,1.2750000000000001
2018-02-03 00:00:00+00:00,13506.776041666666,13965.752604166666,1.0166666666666666
2018-02-04 00:00:00+00:00,13661.489583333334,13381.609375,-0.033333333333333326
2018-02-05 00:00:00+00:00,16723.541666666668,16446.408854166668,-0.3
2018-02-06 00:00:00+00:00,16171.4375,16719.028645833332,-1.2083333333333333
2018-02-07 00:00:00+00:00,15949.393229166666,16790.9921875,-0.35000000000000003
2018-02-08 00:00:00+00:00,15844.229166666666,16760.888020833332,-1.2874999999999999
2018-02-09 00:00:00+00:00,16055.166666666666,16722.953125,-0.7333333333333334
2018-02-10 00:00:00+00:00,14137.7265625,14410.921875,1.4083333333333332
2018-02-11 00:00:00+00:00,14708.1171875,13811.1171875,2.0625
2018-02-12 00:00:00+00:00,16392.994791666668,16380.763020833334,0.2583333333333333
2018-02-13 00:00:00+00:00,16387.619791666668,16324.6640625,-0.775
2018-02-14 00:00:00+00:00,16936.825520833332,16644.2265625,-0.8875000000000001
2018-02-15 00:00:00+00:00,17171.721354166668,17153.184895833332,1.4625000000000001
2018-02-16 00:00:00+00:00,16431.697916666668,16435.346354166668,2.5541666666666667
2018-02-17 00:00:00+00:00,13410.71875,14234.192708333334,0.5416666666666666
2018-02-18 00:00:00+00:00,13406.653645833334,13200.0,-0.06666666666666668
2018-02-19 00:00:00+00:00,15481.747395833334,16214.520833333334,-0.2708333333333333
2018-02-20 00:00:00+00:00,16400.013020833332,16601.4609375,-0.10416666666666669
2018-02-21 00:00:00+00:00,16742.4921875,16644.153645833332,-0.01666666666666668
2018-02-22 00:00:00+00:00,17356.34375,16779.408854166668,-0.4416666666666667
2018-02-23 00:00:00+00:00,17989.895833333332,16763.1640625,-1.7750000000000001
2018-02-24 00:00:00+00:00,15920.244791666666,14915.598958333334,-2.0500000000000003
2018-02-25 00:00:00+00:00,15144.8203125,13922.416666666666,-4.0249999999999995
2018-02-26 00:00:00+00:00,18005.041666666668,17344.734375,-5.120833333333334
2018-02-27 00:00:00+00:00,17849.432291666668,17654.09375,-5.966666666666666
2018-02-28 00:00:00+00:00,18705.28645833333,18039.080729166668,-6.229166666666667
2018-03-01 00:00:00+00:00,18745.9765625,17896.203125,-3.8208333333333333
2018-03-02 00:00:00+00:00,18118.354166666668,17657.8828125,-2.3249999999999997
2018-03-03 00:00:00+00:00,16137.375,15209.111979166666,-0.3208333333333333
2018-03-04 00:00:00+00:00,15084.502604166666,13842.244791666666,5.2250000000000005
2018-03-05 00:00:00+00:00,16297.609375,16159.3125,5.5249999999999995
2018-03-06 00:00:00+00:00,15803.994791666666,16247.239583333334,3.3166666666666664
2018-03-07 00:00:00+00:00,15764.674479166666,16296.341145833334,5.341666666666666
2018-03-08 00:00:00+00:00,17233.645833333332,16533.596354166668,5.829166666666667
2018-03-09 00:00:00+00:00,15728.9609375,16291.3203125,5.141666666666667
2018-03-10 00:00:00+00:00,13079.0,13736.528645833334,9.708333333333334
2018-03-11 00:00:00+00:00,11707.658854166666,12490.1171875,10.075000000000001
2018-03-12 00:00:00+00:00,14180.703125,15577.359375,9.758333333333333
2018-03-13 00:00:00+00:00,16258.869791666666,16298.505208333334,7.108333333333333
2018-03-14 00:00:00+00:00,14587.4453125,15911.057291666666,5.904166666666666
2018-03-15 00:00:00+00:00,16366.174479166666,16631.403645833332,6.375
2018-03-16 00:00:00+00:00,15661.411458333334,16484.216145833332,6.745833333333334
2018-03-17 00:00:00+00:00,15244.033854166666,15097.455729166666,-0.5708333333333333
2018-03-18 00:00:00+00:00,15155.002604166666,14227.0,-2.0083333333333333
2018-03-19 00:00:00+00:00,16333.065104166666,16428.138020833332,-1.3416666666666668
2018-03-20 00:00:00+00:00,17169.1328125,16732.21875,-0.65
2018-03-21 00:00:00+00:00,16473.580729166668,16488.432291666668,0.7291666666666666
2018-03-22 00:00:00+00:00,16870.018229166668,16762.645833333332,1.6708333333333334
2018-03-23 00:00:00+00:00,14973.802083333334,16016.1953125,4.75
2018-03-24 00:00:00+00:00,14228.872395833334,13505.1640625,5.4750000000000005
2018-03-25 00:00:00+00:00,12971.3359375,12367.651041666666,5.6000000000000005
2018-03-26 00:00:00+00:00,14738.6015625,15489.690104166666,6.533333333333334
2018-03-27 00:00:00+00:00,15478.953125,15710.6171875,5.529166666666666
2018-03-28 00:00:00+00:00,16550.403645833332,16387.2265625,8.016666666666667
2018-03-29 00:00:00+00:00,15600.369791666666,15792.229166666666,6.083333333333333
2018-03-30 00:00:00+00:00,13215.4921875,12560.908854166666,7.5375000000000005
2018-03-31 00:00:00+00:00,11968.236979166666,12719.041666666666,8.225
2018-04-01 00:00:00+00:00,11493.036458333334,11863.447916666666,6.529166666666666
2018-04-02 00:00:00+00:00,11659.119791666666,11807.015625,7.9624999999999995
2018-04-03 00:00:00+00:00,15259.471354166666,15061.416666666666,12.341666666666667
2018-04-04 00:00:00+00:00,15139.455729166666,15326.315104166666,11.170833333333334
2018-04-05 00:00:00+00:00,16514.869791666668,15868.078125,8.1625
2018-04-06 00:00:00+00:00,14147.2421875,15195.2109375,6.8625
2018-04-07 00:00:00+00:00,13157.684895833334,13013.71875,11.129166666666668
2018-04-08 00:00:00+00:00,11519.888020833334,11717.9140625,13.325000000000001
2018-04-09 00:00:00+00:00,14147.0078125,14589.122395833334,14.183333333333335
2018-04-10 00:00:00+00:00,14916.244791666666,15359.697916666666,13.791666666666666
2018-04-11 00:00:00+00:00,15138.963541666666,15507.4609375,11.529166666666667
2018-04-12 00:00:00+00:00,15610.723958333334,15414.013020833334,14.116666666666667
2018-04-13 00:00:00+00:00,14367.729166666666,15123.026041666666,11.216666666666667
2018-04-14 00:00:00+00:00,12877.1640625,12654.325520833334,12.4375
2018-04-15 00:00:00+00:00,10708.971354166666,11409.783854166666,13.916666666666666
2018-04-16 00:00:00+00:00,13674.286458333334,14460.0546875,14.870833333333332
2018-04-17 00:00:00+00:00,14518.283854166666,14629.9375,15.208333333333334
2018-04-18 00:00:00+00:00,14548.908854166666,14610.0234375,15.6
2018-04-19 00:00:00+00:00,14830.3359375,14688.96875,17.070833333333333
2018-04-20 00:00:00+00:00,14003.3984375,14556.552083333334,17.233333333333334
2018-04-21 00:00:00+00:00,10603.783854166666,12416.822916666666,18.379166666666666
2018-04-22 00:00:00+00:00,10234.809895833334,11366.265625,18.858333333333334
2018-04-23 00:00:00+00:00,13983.330729166666,14628.315104166666,16.3625
2018-04-24 00:00:00+00:00,13884.296875,15003.369791666666,14.016666666666666
2018-04-25 00:00:00+00:00,14520.994791666666,15344.651041666666,14.129166666666668
2018-04-26 00:00:00+00:00,14733.294270833334,15311.34375,10.808333333333332
2018-04-27 00:00:00+00:00,12731.559895833334,14613.9453125,12.416666666666666
2018-04-28 00:00:00+00:00,11162.1484375,12427.59375,13.441666666666668
2018-04-29 00:00:00+00:00,10400.106770833334,11345.341145833334,16.416666666666668
2018-04-30 00:00:00+00:00,13700.640625,13660.205729166666,14.141666666666666
2018-05-01 00:00:00+00:00,12701.3984375,11895.78125,9.362499999999999
2018-05-02 00:00:00+00:00,13291.8515625,14527.9609375,11.141666666666666
2018-05-03 00:00:00+00:00,13275.911458333334,14848.518229166666,13.508333333333333
2018-05-04 00:00:00+00:00,13065.7421875,14589.8125,14.375
2018-05-05 00:00:00+00:00,11664.6953125,12444.190104166666,15.862499999999999
2018-05-06 00:00:00+00:00,11171.9765625,11376.84375,16.95
2018-05-07 00:00:00+00:00,13238.911458333334,14644.182291666666,17.729166666666668
2018-05-08 00:00:00+00:00,13958.3671875,14970.338541666666,18.720833333333335
2018-05-09 00:00:00+00:00,13130.7265625,14741.3125,19.075
2018-05-10 00:00:00+00:00,11157.690104166666,11843.122395833334,15.4125
2018-05-11 00:00:00+00:00,10990.0234375,13103.143229166666,15.15
2018-05-12 00:00:00+00:00,11018.940104166666,12027.4453125,17.895833333333332
2018-05-13 00:00:00+00:00,11364.903645833334,11467.565104166666,17.754166666666666
2018-05-14 00:00:00+00:00,13860.213541666666,14861.2265625,18.633333333333333
2018-05-15 00:00:00+00:00,13463.375,14826.4453125,17.037499999999998
2018-05-16 00:00:00+00:00,13346.208333333334,14884.71875,15.225
2018-05-17 00:00:00+00:00,13906.463541666666,15115.677083333334,14.633333333333333
2018-05-18 00:00:00+00:00,12189.328125,14590.8828125,12.6
2018-05-19 00:00:00+00:00,10150.395833333334,12203.458333333334,14.137500000000001
2018-05-20 00:00:00+00:00,10571.296875,10737.5,16.5625
2018-05-21 00:00:00+00:00,11941.924479166666,11250.03125,18.370833333333334
2018-05-22 00:00:00+00:00,13561.283854166666,14496.203125,18.1375
2018-05-23 00:00:00+00:00,14055.653645833334,15007.028645833334,18.429166666666667
2018-05-24 00:00:00+00:00,14296.21875,15151.588541666666,17.7375
2018-05-25 00:00:00+00:00,13782.71875,14741.0546875,18.654166666666665
2018-05-26 00:00:00+00:00,11385.192708333334,12446.885416666666,20.595833333333335
2018-05-27 00:00:00+00:00,11109.981770833334,11526.28125,20.6875
2018-05-28 00:00:00+00:00,13828.841145833334,14893.236979166666,22.9875
2018-05-29 00:00:00+00:00,14524.786458333334,15263.796875,21.554166666666664
2018-05-30 00:00:00+00:00,13234.7421875,14893.260416666666,22.120833333333334
2018-05-31 00:00:00+00:00,11961.768229166666,12991.453125,21.958333333333332
2018-06-01 00:00:00+00:00,12353.7890625,13729.119791666666,19.383333333333333
2018-06-02 00:00:00+00:00,10792.6640625,12098.6953125,19.20416666666667
2018-06-03 00:00:00+00:00,10189.625,11232.471354166666,20.758333333333333
2018-06-04 00:00:00+00:00,12603.630208333334,14585.734375,22.45
2018-06-05 00:00:00+00:00,12527.716145833334,14957.151041666666,22.0
2018-06-06 00:00:00+00:00,14552.059895833334,15160.096354166666,22.875
2018-06-07 00:00:00+00:00,14322.713541666666,15139.2890625,22.383333333333336
2018-06-08 00:00:00+00:00,13722.783854166666,14849.28125,22.037499999999998
2018-06-09 00:00:00+00:00,11805.653645833334,12620.15625,23.304166666666664
2018-06-10 00:00:00+00:00,10967.135416666666,11559.130208333334,22.141666666666666
2018-06-11 00:00:00+00:00,13939.830729166666,15075.692708333334,20.412499999999998
2018-06-12 00:00:00+00:00,14128.3515625,15073.151041666666,16.733333333333334
2018-06-13 00:00:00+00:00,14030.46875,14996.223958333334,15.808333333333332
2018-06-14 00:00:00+00:00,14272.0,14992.140625,16.854166666666668
2018-06-15 00:00:00+00:00,13306.221354166666,14636.859375,17.816666666666666
2018-06-16 00:00:00+00:00,11617.890625,12334.776041666666,20.3
2018-06-17 00:00:00+00:00,10968.96875,11387.161458333334,18.429166666666667
2018-06-18 00:00:00+00:00,13102.9921875,14824.747395833334,18.541666666666668
2018-06-19 00:00:00+00:00,14157.294270833334,15299.9921875,20.316666666666666
2018-06-20 00:00:00+00:00,14789.002604166666,15294.880208333334,22.454166666666666
2018-06-21 00:00:00+00:00,15783.411458333334,15444.559895833334,19.0125
2018-06-22 00:00:00+00:00,15023.895833333334,14890.979166666666,13.645833333333334
2018-06-23 00:00:00+00:00,13098.184895833334,12362.614583333334,14.116666666666667
2018-06-24 00:00:00+00:00,11001.635416666666,11212.7578125,16.141666666666666
2018-06-25 00:00:00+00:00,13502.125,14617.869791666666,17.6875
2018-06-26 00:00:00+00:00,13688.65625,14757.869791666666,19.308333333333334
2018-06-27 00:00:00+00:00,14258.638020833334,14784.169270833334,20.379166666666666
2018-06-28 00:00:00+00:00,14351.080729166666,15015.794270833334,21.7375
2018-06-29 00:00:00+00:00,14143.15625,14734.041666666666,25.0625
2018-06-30 00:00:00+00:00,13112.9921875,12311.575520833334,23.525000000000002
2018-07-01 00:00:00+00:00,12614.1171875,11291.315104166666,21.016666666666666
2018-07-02 00:00:00+00:00,14585.106770833334,14609.0703125,21.420833333333334
2018-07-03 00:00:00+00:00,14592.346354166666,15033.361979166666,23.162499999999998
2018-07-04 00:00:00+00:00,14171.057291666666,15110.481770833334,24.016666666666666
2018-07-05 00:00:00+00:00,14580.307291666666,15178.380208333334,21.620833333333334
2018-07-06 00:00:00+00:00,13781.734375,14975.247395833334,22.099999999999998
2018-07-07 00:00:00+00:00,13058.403645833334,12454.263020833334,22.070833333333336
2018-07-08 00:00:00+00:00,12371.419270833334,11283.354166666666,21.9375
2018-07-09 00:00:00+00:00,14849.838541666666,14469.786458333334,21.879166666666666
2018-07-10 00:00:00+00:00,14166.28125,14445.981770833334,18.441666666666666
2018-07-11 00:00:00+00:00,14197.3359375,14392.705729166666,17.004166666666666
2018-07-12 00:00:00+00:00,14750.463541666666,14521.057291666666,19.829166666666666
2018-07-13 00:00:00+00:00,14635.502604166666,14261.276041666666,21.474999999999998
2018-07-14 00:00:00+00:00,12639.9375,12031.106770833334,23.145833333333332
2018-07-15 00:00:00+00:00,11724.708333333334,11069.8203125,24.03333333333333
2018-07-16 00:00:00+00:00,13686.403645833334,14068.221354166666,23.729166666666668
2018-07-17 00:00:00+00:00,14245.846354166666,14483.950520833334,25.0625
2018-07-18 00:00:00+00:00,15120.963541666666,14619.6328125,23.670833333333334
2018-07-19 00:00:00+00:00,14109.200520833334,14472.197916666666,23.375
2018-07-20 00:00:00+00:00,13527.799479166666,14117.010416666666,24.758333333333336
2018-07-21 00:00:00+00:00,11962.7578125,11974.658854166666,21.879166666666666
2018-07-22 00:00:00+00:00,10776.497395833334,11160.705729166666,21.041666666666668
2018-07-23 00:00:00+00:00,13571.59375,14323.442708333334,23.52916666666667
2018-07-24 00:00:00+00:00,14132.885416666666,14701.453125,25.662499999999998
2018-07-25 00:00:00+00:00,14318.544270833334,14898.682291666666,27.3625
2018-07-26 00:00:00+00:00,14970.15625,14932.4296875,28.28333333333333
2018-07-27 00:00:00+00:00,14871.697916666666,14745.950520833334,27.787499999999998
2018-07-28 00:00:00+00:00,12457.2890625,12519.03125,25.925
2018-07-29 00:00:00+00:00,11320.3984375,11306.796875,25.083333333333332
2018-07-30 00:00:00+00:00,13369.567708333334,14429.2265625,27.7625
2018-07-31 00:00:00+00:00,14536.7578125,14764.984375,28.441666666666666
2018-08-01 00:00:00+00:00,13300.002604166666,14739.877604166666,26.479166666666668
2018-08-02 00:00:00+00:00,13378.513020833334,14775.471354166666,26.97083333333333
2018-08-03 00:00:00+00:00,12522.833333333334,14551.463541666666,29.170833333333334
2018-08-04 00:00:00+00:00,11926.067708333334,12516.578125,29.78333333333333
2018-08-05 00:00:00+00:00,12570.958333333334,11523.091145833334,26.150000000000002
2018-08-06 00:00:00+00:00,14134.205729166666,14361.872395833334,26.90833333333333
2018-08-07 00:00:00+00:00,14434.403645833334,14782.778645833334,28.65833333333333
2018-08-08 00:00:00+00:00,15186.299479166666,15018.354166666666,26.491666666666664
2018-08-09 00:00:00+00:00,14859.161458333334,14877.296875,24.383333333333336
2018-08-10 00:00:00+00:00,14286.2578125,14392.614583333334,19.916666666666668
2018-08-11 00:00:00+00:00,13404.575520833334,12257.333333333334,19.541666666666668
2018-08-12 00:00:00+00:00,11085.106770833334,11091.338541666666,20.804166666666667
2018-08-13 00:00:00+00:00,13256.546875,14203.666666666666,19.791666666666668
2018-08-14 00:00:00+00:00,14591.973958333334,14379.341145833334,20.541666666666668
2018-08-15 00:00:00+00:00,12781.611979166666,13932.356770833334,20.400000000000002
2018-08-16 00:00:00+00:00,14077.484375,14310.231770833334,22.504166666666666
2018-08-17 00:00:00+00:00,13692.427083333334,14123.520833333334,23.329166666666666
2018-08-18 00:00:00+00:00,11810.6328125,12198.486979166666,22.21666666666667
2018-08-19 00:00:00+00:00,11563.78125,11386.958333333334,23.2375
2018-08-20 00:00:00+00:00,13332.5078125,14404.481770833334,22.791666666666668
2018-08-21 00:00:00+00:00,14014.239583333334,14444.325520833334,24.1875
2018-08-22 00:00:00+00:00,13522.744791666666,14718.1015625,26.070833333333336
2018-08-23 00:00:00+00:00,13564.598958333334,14848.4609375,25.245833333333334
2018-08-24 00:00:00+00:00,14235.28125,14554.770833333334,20.108333333333334
2018-08-25 00:00:00+00:00,13059.359375,12242.346354166666,16.3
2018-08-26 00:00:00+00:00,12758.794270833334,11230.760416666666,15.466666666666667
2018-08-27 00:00:00+00:00,15674.411458333334,14857.6875,18.120833333333334
2018-08-28 00:00:00+00:00,13446.638020833334,14557.088541666666,18.520833333333332
2018-08-29 00:00:00+00:00,14246.567708333334,14786.104166666666,20.941666666666666
2018-08-30 00:00:00+00:00,15613.5234375,14869.450520833334,17.974999999999998
2018-08-31 00:00:00+00:00,14315.580729166666,14265.669270833334,17.195833333333333
2018-09-01 00:00:00+00:00,12334.872395833334,12032.078125,17.008333333333333
2018-09-02 00:00:00+00:00,11723.140625,11355.190104166666,16.966666666666665
2018-09-03 00:00:00+00:00,13978.502604166666,14621.9921875,18.079166666666666
2018-09-04 00:00:00+00:00,13799.096354166666,14712.356770833334,20.270833333333332
2018-09-05 00:00:00+00:00,14176.127604166666,14612.572916666666,21.7375
2018-09-06 00:00:00+00:00,14371.723958333334,14760.651041666666,20.316666666666666
2018-09-07 00:00:00+00:00,14289.203125,14559.580729166666,17.425
2018-09-08 00:00:00+00:00,12784.1640625,12402.854166666666,16.145833333333332
2018-09-09 00:00:00+00:00,11702.255208333334,11247.627604166666,18.75
2018-09-10 00:00:00+00:00,13922.692708333334,14519.796875,19.816666666666666
2018-09-11 00:00:00+00:00,15473.091145833334,15275.109375,20.004166666666666
2018-09-12 00:00:00+00:00,14551.283854166666,15012.927083333334,21.7375
2018-09-13 00:00:00+00:00,13549.403645833334,14704.921875,18.175
2018-09-14 00:00:00+00:00,13990.296875,14503.494791666666,18.029166666666665
2018-09-15 00:00:00+00:00,12441.486979166666,12347.830729166666,16.991666666666667
2018-09-16 00:00:00+00:00,11727.0234375,11293.442708333334,16.883333333333333
2018-09-17 00:00:00+00:00,13954.205729166666,14457.578125,18.833333333333332
2018-09-18 00:00:00+00:00,15303.549479166666,15239.059895833334,21.616666666666664
2018-09-19 00:00:00+00:00,15496.8046875,15300.536458333334,22.712500000000002
2018-09-20 00:00:00+00:00,15522.640625,15223.5703125,22.129166666666666
2018-09-21 00:00:00+00:00,15878.2890625,15520.901041666666,17.929166666666667
2018-09-22 00:00:00+00:00,13467.783854166666,12915.096354166666,13.995833333333332
2018-09-23 00:00:00+00:00,11952.713541666666,11918.901041666666,14.145833333333334
2018-09-24 00:00:00+00:00,15278.346354166666,15196.9296875,10.950000000000001
2018-09-25 00:00:00+00:00,14012.7265625,14966.096354166666,9.566666666666666
2018-09-26 00:00:00+00:00,15775.059895833334,15507.934895833334,9.929166666666667
2018-09-27 00:00:00+00:00,15203.049479166666,15276.682291666666,13.75
2018-09-28 00:00:00+00:00,14960.471354166666,15147.794270833334,12.85
2018-09-29 00:00:00+00:00,12803.40625,12592.955729166666,10.520833333333334
2018-09-30 00:00:00+00:00,12448.442708333334,11631.046875,10.766666666666666
2018-10-01 00:00:00+00:00,15007.166666666666,14847.309895833334,10.362499999999999
2018-10-02 00:00:00+00:00,16294.515625,15465.90625,8.558333333333334
2018-10-03 00:00:00+00:00,13948.182291666666,12763.755208333334,12.637500000000001
2018-10-04 00:00:00+00:00,14987.296875,14730.481770833334,10.958333333333334
2018-10-05 00:00:00+00:00,14838.1796875,14659.817708333334,14.020833333333334
2018-10-06 00:00:00+00:00,12937.734375,12440.947916666666,15.758333333333333
2018-10-07 00:00:00+00:00,12116.6796875,11590.658854166666,13.9
2018-10-08 00:00:00+00:00,14879.421875,14756.669270833334,13.266666666666666
2018-10-09 00:00:00+00:00,15084.388020833334,14923.471354166666,13.9
2018-10-10 00:00:00+00:00,15493.4453125,15054.768229166666,15.470833333333333
2018-10-11 00:00:00+00:00,15703.541666666666,15375.286458333334,16.366666666666667
2018-10-12 00:00:00+00:00,15538.2421875,14969.908854166666,17.916666666666668
2018-10-13 00:00:00+00:00,13281.927083333334,12645.127604166666,17.974999999999998
2018-10-14 00:00:00+00:00,12711.463541666666,11905.638020833334,16.545833333333334
2018-10-15 00:00:00+00:00,14856.6328125,14822.302083333334,15.758333333333333
2018-10-16 00:00:00+00:00,14720.736979166666,14937.815104166666,15.975
2018-10-17 00:00:00+00:00,14670.802083333334,14961.791666666666,15.612499999999999
2018-10-18 00:00:00+00:00,15071.692708333334,15187.786458333334,14.983333333333334
2018-10-19 00:00:00+00:00,14279.861979166666,14825.265625,14.270833333333334
2018-10-20 00:00:00+00:00,12856.736979166666,12931.158854166666,12.529166666666667
2018-10-21 00:00:00+00:00,12362.854166666666,12144.346354166666,9.704166666666667
2018-10-22 00:00:00+00:00,15241.950520833334,15631.078125,9.116666666666667
2018-10-23 00:00:00+00:00,17384.9296875,16449.552083333332,9.083333333333334
2018-10-24 00:00:00+00:00,16554.052083333332,16237.864583333334,13.416666666666666
2018-10-25 00:00:00+00:00,15976.4765625,16053.466145833334,11.924999999999999
2018-10-26 00:00:00+00:00,15116.424479166666,15561.013020833334,10.15
2018-10-27 00:00:00+00:00,13586.3984375,13429.427083333334,7.604166666666667
2018-10-28 00:00:00+00:00,13597.325520833334,12737.739583333334,6.0249999999999995
2018-10-29 00:00:00+00:00,15884.7109375,16094.510416666666,6.191666666666666
2018-10-30 00:00:00+00:00,16578.8046875,16145.1015625,5.8875
2018-10-31 00:00:00+00:00,15266.1328125,15154.697916666666,7.8125
2018-11-01 00:00:00+00:00,13568.880208333334,13773.833333333334,6.566666666666666
2018-11-02 00:00:00+00:00,14285.4140625,14600.130208333334,9.279166666666667
2018-11-03 00:00:00+00:00,12614.044270833334,12963.877604166666,8.066666666666666
2018-11-04 00:00:00+00:00,11985.606770833334,12095.161458333334,9.645833333333334
2018-11-05 00:00:00+00:00,14744.763020833334,15256.375,10.345833333333333
2018-11-06 00:00:00+00:00,15224.174479166666,15601.088541666666,9.725
2018-11-07 00:00:00+00:00,15342.986979166666,15762.885416666666,10.516666666666667
2018-11-08 00:00:00+00:00,15025.950520833334,15566.015625,10.604166666666666
2018-11-09 00:00:00+00:00,15315.263020833334,15392.669270833334,10.304166666666667
2018-11-10 00:00:00+00:00,13996.291666666666,13567.6328125,10.683333333333332
2018-11-11 00:00:00+00:00,13573.955729166666,12446.489583333334,12.691666666666668
2018-11-12 00:00:00+00:00,14895.151041666666,15323.716145833334,13.383333333333333
2018-11-13 00:00:00+00:00,16410.958333333332,15850.096354166666,10.783333333333333
2018-11-14 00:00:00+00:00,15774.473958333334,15900.268229166666,6.195833333333333
2018-11-15 00:00:00+00:00,15868.111979166666,15918.971354166666,5.245833333333334
2018-11-16 00:00:00+00:00,16351.895833333334,15941.354166666666,4.729166666666667
2018-11-17 00:00:00+00:00,12989.348958333334,14192.432291666666,5.004166666666666
2018-11-18 00:00:00+00:00,14058.950520833334,12747.799479166666,2.970833333333333
2018-11-19 00:00:00+00:00,17247.328125,16332.817708333334,3.6041666666666665
2018-11-20 00:00:00+00:00,17595.223958333332,16691.604166666668,3.6166666666666667
2018-11-21 00:00:00+00:00,16509.856770833332,16467.588541666668,2.1333333333333333
2018-11-22 00:00:00+00:00,16282.96875,16300.494791666666,2.5791666666666666
2018-11-23 00:00:00+00:00,15721.901041666666,15960.078125,1.7833333333333332
2018-11-24 00:00:00+00:00,13824.453125,13783.940104166666,4.258333333333334
2018-11-25 00:00:00+00:00,13357.494791666666,12891.8046875,5.5375000000000005
2018-11-26 00:00:00+00:00,15824.765625,15999.244791666666,5.554166666666667
2018-11-27 00:00:00+00:00,15726.057291666666,16359.182291666666,3.4250000000000003
2018-11-28 00:00:00+00:00,17630.734375,17036.903645833332,3.9166666666666665
2018-11-29 00:00:00+00:00,17393.338541666668,16728.7421875,4.175
2018-11-30 00:00:00+00:00,16097.635416666666,16355.390625,5.1625000000000005
2018-12-01 00:00:00+00:00,14510.911458333334,14013.794270833334,6.991666666666667
2018-12-02 00:00:00+00:00,14558.377604166666,13129.348958333334,9.533333333333333
2018-12-03 00:00:00+00:00,16003.5390625,16098.927083333334,11.4375
2018-12-04 00:00:00+00:00,16418.307291666668,16471.2421875,6.2250000000000005
2018-12-05 00:00:00+00:00,16061.0859375,16685.166666666668,3.3000000000000003
2018-12-06 00:00:00+00:00,16532.854166666668,16750.864583333332,8.195833333333333
2018-12-07 00:00:00+00:00,17137.182291666668,16497.8046875,10.195833333333333
2018-12-08 00:00:00+00:00,15756.0859375,14408.263020833334,6.95
2018-12-09 00:00:00+00:00,14886.065104166666,13322.856770833334,7.558333333333334
2018-12-10 00:00:00+00:00,17709.122395833332,16666.158854166668,4.704166666666667
2018-12-11 00:00:00+00:00,17290.270833333332,16752.578125,2.8874999999999997
2018-12-12 00:00:00+00:00,15912.346354166666,16606.669270833332,1.7833333333333332
2018-12-13 00:00:00+00:00,16876.705729166668,16784.770833333332,0.3541666666666667
2018-12-14 00:00:00+00:00,16406.5859375,16566.236979166668,-0.3333333333333333
2018-12-15 00:00:00+00:00,15756.1015625,14585.015625,-0.5291666666666667
2018-12-16 00:00:00+00:00,14881.716145833334,13713.427083333334,-0.7875
2018-12-17 00:00:00+00:00,15798.091145833334,16158.421875,2.654166666666667
2018-12-18 00:00:00+00:00,16310.3984375,16524.315104166668,3.5083333333333333
2018-12-19 00:00:00+00:00,16719.1484375,16557.8671875,3.7458333333333336
2018-12-20 00:00:00+00:00,15828.333333333334,15849.671875,5.829166666666667
2018-12-21 00:00:00+00:00,16252.364583333334,15074.65625,9.008333333333333
2018-12-22 00:00:00+00:00,13629.5390625,13063.619791666666,9.541666666666666
2018-12-23 00:00:00+00:00,12230.5390625,12052.841145833334,7.8500000000000005
2018-12-24 00:00:00+00:00,11787.734375,12029.760416666666,4.9125000000000005
2018-12-25 00:00:00+00:00,12325.856770833334,11725.299479166666,0.6625
2018-12-26 00:00:00+00:00,12246.546875,11854.611979166666,-1.9749999999999999
2018-12-27 00:00:00+00:00,13125.005208333334,13378.4765625,-1.4291666666666665
2018-12-28 00:00:00+00:00,12839.5546875,13316.9609375,-1.825
2018-12-29 00:00:00+00:00,13932.223958333334,12983.658854166666,1.0333333333333334
2018-12-30 00:00:00+00:00,13204.390625,11940.401041666666,6.058333333333334
2018-12-31 00:00:00+00:00,10981.713541666666,12125.252604166666,6.179166666666667
2019-01-01 00:00:00+00:00,13987.6875,11432.966145833334,5.766666666666667
2019-01-02 00:00:00+00:00,15340.518229166666,14539.401041666666,2.566666666666667
2019-01-03 00:00:00+00:00,15410.427083333334,15283.8828125,0.27499999999999997
2019-01-04 00:00:00+00:00,16606.005208333332,15484.885416666666,1.425
2019-01-05 00:00:00+00:00,15622.763020833334,13653.895833333334,5.375
2019-01-06 00:00:00+00:00,13756.075520833334,12575.765625,5.4875
2019-01-07 00:00:00+00:00,16760.018229166668,15966.1640625,4.466666666666667
2019-01-08 00:00:00+00:00,18119.375,16736.3359375,5.458333333333333
2019-01-09 00:00:00+00:00,17931.518229166668,16943.028645833332,3.0208333333333335
2019-01-10 00:00:00+00:00,15641.723958333334,16490.434895833332,0.8708333333333332
2019-01-11 00:00:00+00:00,17507.143229166668,16729.559895833332,1.3833333333333335
2019-01-12 00:00:00+00:00,16103.7421875,14241.424479166666,5.0375000000000005
2019-01-13 00:00:00+00:00,15422.192708333334,13358.588541666666,7.1375
2019-01-14 00:00:00+00:00,17436.317708333332,16366.3828125,4.566666666666666
2019-01-15 00:00:00+00:00,18462.627604166668,16737.903645833332,3.8375
2019-01-16 00:00:00+00:00,17911.807291666668,16752.614583333332,4.466666666666667
2019-01-17 00:00:00+00:00,18193.26302083333,16929.770833333332,4.579166666666667
2019-01-18 00:00:00+00:00,16581.677083333332,16254.388020833334,0.6458333333333334
2019-01-19 00:00:00+00:00,14721.690104166666,14144.90625,-2.2375000000000003
2019-01-20 00:00:00+00:00,13849.255208333334,13356.692708333334,-3.8000000000000003
2019-01-21 00:00:00+00:00,16503.486979166668,16726.315104166668,-4.2749999999999995
2019-01-22 00:00:00+00:00,17673.515625,17252.3828125,-5.008333333333334
2019-01-23 00:00:00+00:00,16761.515625,17186.536458333332,-2.8333333333333335
2019-01-24 00:00:00+00:00,15453.197916666666,17016.458333333332,-3.095833333333333
2019-01-25 00:00:00+00:00,16155.263020833334,16921.356770833332,-1.2375
2019-01-26 00:00:00+00:00,15907.106770833334,14656.408854166666,3.5583333333333336
2019-01-27 00:00:00+00:00,15079.604166666666,13278.635416666666,5.104166666666667
2019-01-28 00:00:00+00:00,17472.216145833332,16578.9609375,2.1
2019-01-29 00:00:00+00:00,17488.21875,16710.458333333332,0.15416666666666665
2019-01-30 00:00:00+00:00,18003.403645833332,16903.020833333332,0.33749999999999997
2019-01-31 00:00:00+00:00,17182.614583333332,16669.5,-0.4166666666666667
2019-02-01 00:00:00+00:00,16756.2734375,16625.234375,2.920833333333333
2019-02-02 00:00:00+00:00,13495.25,14214.8046875,3.1999999999999997
2019-02-03 00:00:00+00:00,14282.143229166666,13412.106770833334,2.1166666666666667
2019-02-04 00:00:00+00:00,17149.307291666668,16551.359375,0.09999999999999998
2019-02-05 00:00:00+00:00,17007.973958333332,16868.520833333332,1.508333333333333
2019-02-06 00:00:00+00:00,17233.986979166668,16804.25,-0.0583333333333333
2019-02-07 00:00:00+00:00,17075.674479166668,16936.111979166668,1.3499999999999999
2019-02-08 00:00:00+00:00,17312.526041666668,16503.315104166668,4.7375
2019-02-09 00:00:00+00:00,15833.958333333334,14176.9140625,7.4125000000000005
2019-02-10 00:00:00+00:00,14279.825520833334,13049.669270833334,6.95
2019-02-11 00:00:00+00:00,17288.8515625,16392.705729166668,4.304166666666666
2019-02-12 00:00:00+00:00,17443.026041666668,16538.221354166668,3.1750000000000003
2019-02-13 00:00:00+00:00,17548.713541666668,16610.5234375,2.3208333333333333
2019-02-14 00:00:00+00:00,15735.565104166666,16269.979166666666,1.4166666666666667
2019-02-15 00:00:00+00:00,15517.471354166666,15907.645833333334,3.154166666666667
2019-02-16 00:00:00+00:00,14875.2734375,13628.760416666666,4.3
2019-02-17 00:00:00+00:00,13386.270833333334,12532.661458333334,4.158333333333333
2019-02-18 00:00:00+00:00,15522.692708333334,15502.125,3.2708333333333335
2019-02-19 00:00:00+00:00,17381.609375,16301.341145833334,4.258333333333334
2019-02-20 00:00:00+00:00,16314.236979166666,16097.026041666666,3.375
2019-02-21 00:00:00+00:00,16732.53125,16075.546875,5.270833333333333
2019-02-22 00:00:00+00:00,15166.807291666666,15732.109375,8.170833333333333
2019-02-23 00:00:00+00:00,13691.255208333334,13535.640625,3.579166666666667
2019-02-24 00:00:00+00:00,12426.736979166666,12355.1640625,2.7125
2019-02-25 00:00:00+00:00,14320.708333333334,15364.2890625,4.3625
2019-02-26 00:00:00+00:00,14001.5234375,15474.294270833334,6.041666666666667
2019-02-27 00:00:00+00:00,14835.278645833334,15656.90625,6.4375
2019-02-28 00:00:00+00:00,15906.0546875,15567.809895833334,8.804166666666667
2019-03-01 00:00:00+00:00,14085.572916666666,15535.994791666666,8.095833333333333
2019-03-02 00:00:00+00:00,12783.184895833334,13401.354166666666,7.554166666666667
2019-03-03 00:00:00+00:00,14724.153645833334,12467.166666666666,10.0
2019-03-04 00:00:00+00:00,17172.098958333332,15379.03125,8.6
2019-03-05 00:00:00+00:00,16637.3203125,15792.671875,5.445833333333333
2019-03-06 00:00:00+00:00,16045.518229166666,15769.872395833334,8.958333333333334
2019-03-07 00:00:00+00:00,17270.927083333332,15889.239583333334,9.700000000000001
2019-03-08 00:00:00+00:00,16897.328125,15525.4921875,7.4375
2019-03-09 00:00:00+00:00,15952.020833333334,13525.205729166666,9.6
2019-03-10 00:00:00+00:00,12702.393229166666,12483.075520833334,9.441666666666666
2019-03-11 00:00:00+00:00,15532.893229166666,15708.627604166666,4.920833333333333
2019-03-12 00:00:00+00:00,16384.541666666668,15977.078125,6.1625000000000005
2019-03-13 00:00:00+00:00,17848.700520833332,16248.580729166666,5.991666666666667
2019-03-14 00:00:00+00:00,17018.046875,16255.109375,5.570833333333333
2019-03-15 00:00:00+00:00,17092.513020833332,15915.028645833334,8.845833333333333
2019-03-16 00:00:00+00:00,14732.700520833334,13446.143229166666,10.25
2019-03-17 00:00:00+00:00,14659.315104166666,12563.916666666666,7.641666666666667
2019-03-18 00:00:00+00:00,16753.8515625,15496.78125,4.1000000000000005
2019-03-19 00:00:00+00:00,15008.286458333334,15748.393229166666,3.845833333333333
2019-03-20 00:00:00+00:00,15228.419270833334,15789.875,4.804166666666666
2019-03-21 00:00:00+00:00,15019.416666666666,15650.921875,6.55
2019-03-22 00:00:00+00:00,14083.677083333334,15086.919270833334,9.245833333333334
2019-03-23 00:00:00+00:00,12873.3359375,12847.380208333334,9.7875
2019-03-24 00:00:00+00:00,11824.2265625,12020.208333333334,8.633333333333333
2019-03-25 00:00:00+00:00,15873.510416666666,15364.328125,5.429166666666667
2019-03-26 00:00:00+00:00,15539.846354166666,15622.3125,5.8625
2019-03-27 00:00:00+00:00,14184.705729166666,15528.265625,7.004166666666666
2019-03-28 00:00:00+00:00,13198.455729166666,15259.002604166666,8.204166666666667
2019-03-29 00:00:00+00:00,13288.807291666666,14731.0,9.7875
2019-03-30 00:00:00+00:00,11976.223958333334,12390.841145833334,10.508333333333333
2019-03-31 00:00:00+00:00,11735.440104166666,11785.440104166666,10.529166666666667
2019-04-01 00:00:00+00:00,14799.911458333334,14730.078125,9.945833333333333
2019-04-02 00:00:00+00:00,15895.765625,15327.895833333334,12.262500000000001
2019-04-03 00:00:00+00:00,14532.361979166666,15313.9609375,9.200000000000001
2019-04-04 00:00:00+00:00,14505.799479166666,15400.502604166666,5.391666666666667
2019-04-05 00:00:00+00:00,13557.442708333334,15074.622395833334,6.708333333333333
2019-04-06 00:00:00+00:00,13054.6796875,12452.947916666666,10.320833333333333
2019-04-07 00:00:00+00:00,12292.552083333334,11473.661458333334,12.549999999999999
2019-04-08 00:00:00+00:00,14724.955729166666,14672.830729166666,11.845833333333333
2019-04-09 00:00:00+00:00,15318.815104166666,15095.864583333334,11.429166666666667
2019-04-10 00:00:00+00:00,15487.927083333334,15093.299479166666,9.433333333333334
2019-04-11 00:00:00+00:00,15064.223958333334,14967.877604166666,6.391666666666667
2019-04-12 00:00:00+00:00,14391.497395833334,14980.002604166666,4.1499999999999995
2019-04-13 00:00:00+00:00,13745.760416666666,12994.255208333334,4.2749999999999995
2019-04-14 00:00:00+00:00,13312.4140625,12100.421875,5.762499999999999
2019-04-15 00:00:00+00:00,15495.161458333334,14738.841145833334,9.6125
2019-04-16 00:00:00+00:00,15836.966145833334,15091.388020833334,11.416666666666666
2019-04-17 00:00:00+00:00,15525.739583333334,14875.036458333334,12.725
2019-04-18 00:00:00+00:00,15136.903645833334,14219.138020833334,14.529166666666667
2019-04-19 00:00:00+00:00,12209.9765625,11125.966145833334,15.804166666666667
2019-04-20 00:00:00+00:00,10722.013020833334,11074.721354166666,16.654166666666665
2019-04-21 00:00:00+00:00,9469.635416666666,10023.153645833334,16.412499999999998
2019-04-22 00:00:00+00:00,12062.330729166666,10672.1796875,16.8
2019-04-23 00:00:00+00:00,15113.677083333334,14038.864583333334,16.745833333333334
2019-04-24 00:00:00+00:00,13547.403645833334,14456.213541666666,16.6875
2019-04-25 00:00:00+00:00,12885.3984375,14442.630208333334,15.725
2019-04-26 00:00:00+00:00,11921.7734375,14290.263020833334,10.516666666666667
2019-04-27 00:00:00+00:00,10802.229166666666,12214.984375,9.512500000000001
2019-04-28 00:00:00+00:00,9939.786458333334,11441.291666666666,8.4125
2019-04-29 00:00:00+00:00,12983.9921875,14558.942708333334,9.179166666666667
2019-04-30 00:00:00+00:00,12687.6015625,14250.203125,12.741666666666667
2019-05-01 00:00:00+00:00,11001.197916666666,11260.546875,14.308333333333332
2019-05-02 00:00:00+00:00,13935.5625,14344.286458333334,13.6875
2019-05-03 00:00:00+00:00,13771.09375,14450.877604166666,11.154166666666667
2019-05-04 00:00:00+00:00,11647.330729166666,12576.361979166666,6.425
2019-05-05 00:00:00+00:00,11003.955729166666,11694.9140625,6.929166666666667
2019-05-06 00:00:00+00:00,14175.692708333334,14894.263020833334,7.879166666666666
2019-05-07 00:00:00+00:00,13343.895833333334,14954.143229166666,9.045833333333333
2019-05-08 00:00:00+00:00,14196.614583333334,15098.401041666666,9.75
2019-05-09 00:00:00+00:00,13282.817708333334,14862.927083333334,10.458333333333334
2019-05-10 00:00:00+00:00,13550.361979166666,14622.526041666666,12.695833333333333
2019-05-11 00:00:00+00:00,11660.747395833334,12386.692708333334,10.15
2019-05-12 00:00:00+00:00,11749.510416666666,11397.609375,9.5375
2019-05-13 00:00:00+00:00,13417.283854166666,14410.807291666666,10.266666666666667
2019-05-14 00:00:00+00:00,13054.2265625,14640.140625,9.891666666666667
2019-05-15 00:00:00+00:00,13127.361979166666,14947.171875,9.700000000000001
2019-05-16 00:00:00+00:00,13110.408854166666,15147.9921875,10.816666666666668
2019-05-17 00:00:00+00:00,12582.380208333334,14517.4296875,12.804166666666667
2019-05-18 00:00:00+00:00,11551.65625,11984.8984375,15.6875
2019-05-19 00:00:00+00:00,10659.4375,11217.903645833334,16.208333333333332
2019-05-20 00:00:00+00:00,12304.03125,14625.403645833334,15.612499999999999
2019-05-21 00:00:00+00:00,13401.78125,15134.0,13.4
2019-05-22 00:00:00+00:00,13525.4765625,14815.963541666666,13.191666666666668
2019-05-23 00:00:00+00:00,12096.833333333334,14693.302083333334,15.104166666666666
2019-05-24 00:00:00+00:00,12200.963541666666,14330.174479166666,17.004166666666666
2019-05-25 00:00:00+00:00,9972.041666666666,11930.03125,16.995833333333334
2019-05-26 00:00:00+00:00,11258.825520833334,11315.408854166666,17.041666666666668
2019-05-27 00:00:00+00:00,12214.104166666666,14345.486979166666,15.6
2019-05-28 00:00:00+00:00,11255.653645833334,14465.013020833334,13.841666666666667
2019-05-29 00:00:00+00:00,11394.677083333334,14084.463541666666,13.299999999999999
2019-05-30 00:00:00+00:00,11736.9765625,11416.888020833334,16.216666666666665
2019-05-31 00:00:00+00:00,10436.817708333334,12554.75,19.349999999999998
2019-06-01 00:00:00+00:00,10263.455729166666,11659.432291666666,21.554166666666664
2019-06-02 00:00:00+00:00,10604.348958333334,11085.453125,23.916666666666668
2019-06-03 00:00:00+00:00,12756.890625,14328.9140625,22.925
2019-06-04 00:00:00+00:00,13187.7734375,14767.546875,24.329166666666666
2019-06-05 00:00:00+00:00,13188.169270833334,14759.6875,25.870833333333334
2019-06-06 00:00:00+00:00,12639.322916666666,14505.7109375,16.704166666666666
2019-06-07 00:00:00+00:00,12655.96875,13980.973958333334,17.533333333333335
2019-06-08 00:00:00+00:00,12554.739583333334,11773.544270833334,16.75
2019-06-09 00:00:00+00:00,9122.528645833334,10253.4921875,18.8125
2019-06-10 00:00:00+00:00,9453.53125,10779.421875,19.508333333333333
2019-06-11 00:00:00+00:00,11351.229166666666,14084.515625,18.495833333333334
2019-06-12 00:00:00+00:00,12434.4296875,14596.268229166666,16.920833333333334
2019-06-13 00:00:00+00:00,12655.192708333334,14390.984375,18.295833333333334
2019-06-14 00:00:00+00:00,12415.354166666666,14212.8515625,20.175
2019-06-15 00:00:00+00:00,11334.325520833334,12009.5390625,20.758333333333333
2019-06-16 00:00:00+00:00,8640.315104166666,11137.364583333334,18.404166666666665
2019-06-17 00:00:00+00:00,12404.752604166666,14186.2578125,20.537499999999998
2019-06-18 00:00:00+00:00,13035.309895833334,14695.838541666666,23.5
2019-06-19 00:00:00+00:00,13212.760416666666,14574.763020833334,24.791666666666668
2019-06-20 00:00:00+00:00,11323.028645833334,12336.7734375,20.779166666666665
2019-06-21 00:00:00+00:00,11190.067708333334,13043.768229166666,20.620833333333334
2019-06-22 00:00:00+00:00,10260.658854166666,11641.276041666666,21.420833333333334
2019-06-23 00:00:00+00:00,10715.395833333334,11004.153645833334,23.90833333333333
2019-06-24 00:00:00+00:00,13742.9375,14551.690104166666,26.0
2019-06-25 00:00:00+00:00,13465.052083333334,15030.479166666666,28.641666666666666
2019-06-26 00:00:00+00:00,14091.903645833334,15179.151041666666,30.8625
2019-06-27 00:00:00+00:00,13734.7734375,14876.580729166666,25.920833333333334
2019-06-28 00:00:00+00:00,12007.364583333334,14157.9609375,22.833333333333332
2019-06-29 00:00:00+00:00,10400.572916666666,12055.466145833334,25.1125
2019-06-30 00:00:00+00:00,11878.692708333334,11479.184895833334,29.145833333333332
2019-07-01 00:00:00+00:00,13694.75,15098.278645833334,24.766666666666666
2019-07-02 00:00:00+00:00,13843.763020833334,14943.682291666666,21.412499999999998
2019-07-03 00:00:00+00:00,13159.606770833334,14814.911458333334,20.304166666666667
2019-07-04 00:00:00+00:00,13543.953125,14900.778645833334,20.3625
2019-07-05 00:00:00+00:00,12853.0234375,14569.276041666666,22.916666666666668
2019-07-06 00:00:00+00:00,11795.109375,12336.541666666666,24.587500000000002
2019-07-07 00:00:00+00:00,11063.809895833334,11496.986979166666,18.820833333333333
2019-07-08 00:00:00+00:00,12302.690104166666,14264.622395833334,16.608333333333334
2019-07-09 00:00:00+00:00,12621.127604166666,14457.440104166666,16.4375
2019-07-10 00:00:00+00:00,13189.572916666666,14400.260416666666,18.983333333333334
2019-07-11 00:00:00+00:00,12380.354166666666,14375.684895833334,17.55
2019-07-12 00:00:00+00:00,12406.020833333334,14186.0703125,18.858333333333334
2019-07-13 00:00:00+00:00,10609.2265625,11997.90625,18.3625
2019-07-14 00:00:00+00:00,9709.010416666666,10984.138020833334,17.462500000000002
2019-07-15 00:00:00+00:00,12619.309895833334,14056.658854166666,17.775000000000002
2019-07-16 00:00:00+00:00,13560.822916666666,14406.229166666666,18.395833333333332
2019-07-17 00:00:00+00:00,12098.380208333334,14128.265625,19.758333333333333
2019-07-18 00:00:00+00:00,12673.869791666666,14221.736979166666,21.45
2019-07-19 00:00:00+00:00,12240.473958333334,14004.770833333334,21.158333333333335
2019-07-20 00:00:00+00:00,11905.354166666666,12063.1015625,24.066666666666666
2019-07-21 00:00:00+00:00,11183.434895833334,11209.705729166666,22.8875
2019-07-22 00:00:00+00:00,12656.432291666666,14091.971354166666,23.558333333333334
2019-07-23 00:00:00+00:00,13303.119791666666,14501.197916666666,26.450000000000003
2019-07-24 00:00:00+00:00,14137.825520833334,14749.015625,29.099999999999998
2019-07-25 00:00:00+00:00,14336.966145833334,14837.7421875,30.933333333333334
2019-07-26 00:00:00+00:00,15032.0625,14681.486979166666,31.11666666666667
2019-07-27 00:00:00+00:00,12605.734375,12433.002604166666,24.15833333333333
2019-07-28 00:00:00+00:00,10315.419270833334,11368.6484375,21.158333333333335
2019-07-29 00:00:00+00:00,11717.622395833334,14054.84375,22.27916666666667
2019-07-30 00:00:00+00:00,12190.833333333334,14448.5078125,23.9375
2019-07-31 00:00:00+00:00,12339.041666666666,14331.7421875,22.041666666666668
2019-08-01 00:00:00+00:00,12448.942708333334,13999.53125,21.516666666666666
2019-08-02 00:00:00+00:00,12104.924479166666,13684.067708333334,21.016666666666666
2019-08-03 00:00:00+00:00,10592.283854166666,11560.916666666666,20.254166666666666
2019-08-04 00:00:00+00:00,9755.013020833334,10704.59375,21.45
2019-08-05 00:00:00+00:00,11968.348958333334,13466.3203125,23.425
2019-08-06 00:00:00+00:00,12893.622395833334,13929.940104166666,21.995833333333334
2019-08-07 00:00:00+00:00,12690.393229166666,14030.580729166666,19.212500000000002
2019-08-08 00:00:00+00:00,13187.453125,14179.203125,20.620833333333334
2019-08-09 00:00:00+00:00,12606.638020833334,13985.578125,22.71666666666667
2019-08-10 00:00:00+00:00,12616.497395833334,12334.046875,21.849999999999998
2019-08-11 00:00:00+00:00,11354.260416666666,11272.973958333334,19.541666666666668
2019-08-12 00:00:00+00:00,12230.330729166666,13806.2265625,17.6125
2019-08-13 00:00:00+00:00,12265.252604166666,14033.700520833334,16.599999999999998
2019-08-14 00:00:00+00:00,11763.713541666666,13812.799479166666,16.55
2019-08-15 00:00:00+00:00,12313.544270833334,13885.708333333334,18.0625
2019-08-16 00:00:00+00:00,11682.002604166666,13452.84375,18.470833333333335
2019-08-17 00:00:00+00:00,11127.528645833334,11862.604166666666,18.441666666666666
2019-08-18 00:00:00+00:00,10228.416666666666,11044.153645833334,21.545833333333334
2019-08-19 00:00:00+00:00,12324.6171875,13981.388020833334,19.645833333333332
2019-08-20 00:00:00+00:00,11731.377604166666,13945.614583333334,17.395833333333332
2019-08-21 00:00:00+00:00,11922.072916666666,13811.65625,17.5
2019-08-22 00:00:00+00:00,12338.90625,13893.575520833334,18.599999999999998
2019-08-23 00:00:00+00:00,11990.401041666666,13639.1484375,20.183333333333334
2019-08-24 00:00:00+00:00,11052.846354166666,11733.364583333334,22.295833333333334
2019-08-25 00:00:00+00:00,10408.481770833334,11055.161458333334,24.95
2019-08-26 00:00:00+00:00,12892.4921875,14282.153645833334,25.416666666666668
2019-08-27 00:00:00+00:00,13797.638020833334,14813.328125,25.4875
2019-08-28 00:00:00+00:00,13411.372395833334,14890.2109375,26.016666666666666
2019-08-29 00:00:00+00:00,13418.3359375,14601.033854166666,24.379166666666666
2019-08-30 00:00:00+00:00,13005.002604166666,14176.3828125,23.775000000000002
2019-08-31 00:00:00+00:00,11203.635416666666,12096.2265625,25.02916666666667
2019-09-01 00:00:00+00:00,10866.8125,11139.731770833334,20.495833333333334
2019-09-02 00:00:00+00:00,12692.9453125,13920.338541666666,17.3875
2019-09-03 00:00:00+00:00,13943.796875,14377.502604166666,17.954166666666666
2019-09-04 00:00:00+00:00,13532.252604166666,14325.044270833334,19.470833333333335
2019-09-05 00:00:00+00:00,13891.580729166666,14687.583333333334,16.866666666666667
2019-09-06 00:00:00+00:00,12676.692708333334,14122.088541666666,15.225
2019-09-07 00:00:00+00:00,9597.2578125,11796.151041666666,13.299999999999999
2019-09-08 00:00:00+00:00,9295.518229166666,11010.765625,13.4
2019-09-09 00:00:00+00:00,11678.177083333334,14118.018229166666,13.579166666666666
2019-09-10 00:00:00+00:00,13029.768229166666,14497.088541666666,13.775
2019-09-11 00:00:00+00:00,13669.916666666666,14721.8828125,15.25
2019-09-12 00:00:00+00:00,13269.5,14649.942708333334,18.466666666666665
2019-09-13 00:00:00+00:00,13246.708333333334,14533.635416666666,18.241666666666667
2019-09-14 00:00:00+00:00,10813.307291666666,11998.630208333334,17.537499999999998
2019-09-15 00:00:00+00:00,12163.036458333334,11615.458333333334,17.837500000000002
2019-09-16 00:00:00+00:00,12715.96875,14450.604166666666,16.366666666666667
2019-09-17 00:00:00+00:00,15031.932291666666,15087.526041666666,15.554166666666667
2019-09-18 00:00:00+00:00,14918.130208333334,14792.986979166666,13.0375
2019-09-19 00:00:00+00:00,13805.997395833334,14381.072916666666,12.195833333333333
2019-09-20 00:00:00+00:00,12937.770833333334,14123.947916666666,12.108333333333334
2019-09-21 00:00:00+00:00,11576.7578125,11916.138020833334,14.729166666666666
2019-09-22 00:00:00+00:00,11586.856770833334,11233.067708333334,17.025000000000002
2019-09-23 00:00:00+00:00,12874.6875,14556.856770833334,16.0125
2019-09-24 00:00:00+00:00,13268.6953125,14621.052083333334,14.9625
2019-09-25 00:00:00+00:00,13439.260416666666,14654.0078125,15.233333333333334
2019-09-26 00:00:00+00:00,13884.515625,14892.130208333334,15.541666666666666
2019-09-27 00:00:00+00:00,13838.979166666666,14651.403645833334,15.2125
2019-09-28 00:00:00+00:00,13526.106770833334,12623.638020833334,15.145833333333334
2019-09-29 00:00:00+00:00,13049.341145833334,11967.385416666666,16.254166666666666
2019-09-30 00:00:00+00:00,15455.768229166666,15114.494791666666,15.166666666666666
2019-10-01 00:00:00+00:00,13919.6640625,15087.799479166666,15.637500000000001
2019-10-02 00:00:00+00:00,14413.510416666666,14920.953125,12.370833333333332
2019-10-03 00:00:00+00:00,12206.0546875,11806.372395833334,10.229166666666666
2019-10-04 00:00:00+00:00,12938.390625,13284.65625,10.233333333333333
2019-10-05 00:00:00+00:00,12350.395833333334,12300.588541666666,11.145833333333334
2019-10-06 00:00:00+00:00,12446.315104166666,11749.8984375,8.479166666666666
2019-10-07 00:00:00+00:00,14365.458333333334,14602.216145833334,10.4
2019-10-08 00:00:00+00:00,15864.846354166666,15326.854166666666,12.341666666666667
2019-10-09 00:00:00+00:00,15541.729166666666,15312.372395833334,11.691666666666668
2019-10-10 00:00:00+00:00,15915.049479166666,15488.549479166666,11.791666666666666
2019-10-11 00:00:00+00:00,16311.919270833334,15539.372395833334,12.866666666666667
2019-10-12 00:00:00+00:00,13440.9921875,12854.315104166666,15.816666666666668
2019-10-13 00:00:00+00:00,12341.815104166666,11787.216145833334,18.258333333333333
2019-10-14 00:00:00+00:00,14826.497395833334,14763.932291666666,17.308333333333334
2019-10-15 00:00:00+00:00,14186.713541666666,15083.653645833334,15.545833333333334
2019-10-16 00:00:00+00:00,15370.065104166666,15345.705729166666,12.779166666666667
2019-10-17 00:00:00+00:00,14916.153645833334,15177.390625,14.5
2019-10-18 00:00:00+00:00,15631.307291666666,15148.361979166666,13.25
2019-10-19 00:00:00+00:00,13416.979166666666,12879.244791666666,13.258333333333333
2019-10-20 00:00:00+00:00,11141.375,11554.518229166666,14.616666666666667
2019-10-21 00:00:00+00:00,14056.984375,14770.122395833334,14.341666666666667
2019-10-22 00:00:00+00:00,14360.0078125,15017.994791666666,12.329166666666666
2019-10-23 00:00:00+00:00,14216.8671875,15013.4609375,12.616666666666667
2019-10-24 00:00:00+00:00,14269.151041666666,15178.1640625,13.695833333333333
2019-10-25 00:00:00+00:00,15094.184895833334,15143.515625,13.366666666666667
2019-10-26 00:00:00+00:00,14531.752604166666,13238.5234375,12.695833333333333
2019-10-27 00:00:00+00:00,13283.171875,12321.661458333334,11.316666666666668
2019-10-28 00:00:00+00:00,15030.440104166666,15146.252604166666,5.883333333333333
2019-10-29 00:00:00+00:00,14666.283854166666,15361.104166666666,6.9624999999999995
2019-10-30 00:00:00+00:00,14408.341145833334,15279.0546875,5.3125
2019-10-31 00:00:00+00:00,14366.260416666666,14329.963541666666,3.908333333333333
2019-11-01 00:00:00+00:00,12772.690104166666,13188.559895833334,6.466666666666666
2019-11-02 00:00:00+00:00,13055.830729166666,12732.627604166666,13.179166666666667
2019-11-03 00:00:00+00:00,10789.229166666666,11759.872395833334,12.266666666666666
2019-11-04 00:00:00+00:00,13339.658854166666,14946.9921875,10.2875
2019-11-05 00:00:00+00:00,14321.1328125,15436.541666666666,8.504166666666666
2019-11-06 00:00:00+00:00,13905.174479166666,15540.450520833334,7.954166666666667
2019-11-07 00:00:00+00:00,15275.1953125,15728.8671875,7.870833333333334
2019-11-08 00:00:00+00:00,14272.390625,15319.966145833334,6.358333333333333
2019-11-09 00:00:00+00:00,12993.255208333334,13216.580729166666,5.375
2019-11-10 00:00:00+00:00,12669.765625,12373.7578125,2.3583333333333334
2019-11-11 00:00:00+00:00,15781.5390625,15958.372395833334,2.4291666666666667
2019-11-12 00:00:00+00:00,16568.791666666668,16311.494791666666,5.004166666666666
2019-11-13 00:00:00+00:00,16076.502604166666,15921.528645833334,4.183333333333334
2019-11-14 00:00:00+00:00,16583.2578125,15853.513020833334,4.666666666666667
2019-11-15 00:00:00+00:00,16180.4921875,15965.640625,4.3374999999999995
2019-11-16 00:00:00+00:00,14065.424479166666,13689.388020833334,3.2375000000000003
2019-11-17 00:00:00+00:00,13499.028645833334,12826.268229166666,4.054166666666666
2019-11-18 00:00:00+00:00,16081.143229166666,16027.942708333334,4.616666666666666
2019-11-19 00:00:00+00:00,16301.375,16475.7109375,4.316666666666666
2019-11-20 00:00:00+00:00,14125.752604166666,15892.356770833334,2.1125000000000003
2019-11-21 00:00:00+00:00,14647.6875,16065.184895833334,2.4916666666666667
2019-11-22 00:00:00+00:00,15064.0390625,15945.559895833334,2.1666666666666665
2019-11-23 00:00:00+00:00,14673.919270833334,13872.989583333334,5.783333333333334
2019-11-24 00:00:00+00:00,12533.169270833334,12627.8984375,4.804166666666666
2019-11-25 00:00:00+00:00,13898.114583333334,15646.1953125,4.641666666666667
2019-11-26 00:00:00+00:00,15512.109375,16107.638020833334,7.591666666666666
2019-11-27 00:00:00+00:00,16409.541666666668,16550.356770833332,9.1
2019-11-28 00:00:00+00:00,17673.354166666668,16643.924479166668,9.570833333333333
2019-11-29 00:00:00+00:00,16537.46875,16061.7109375,6.008333333333333
2019-11-30 00:00:00+00:00,13237.416666666666,13390.127604166666,1.4000000000000001
2019-12-01 00:00:00+00:00,12415.3828125,12817.255208333334,1.3499999999999999
2019-12-02 00:00:00+00:00,16140.536458333334,15655.471354166666,1.804166666666667
2019-12-03 00:00:00+00:00,16091.5546875,16387.231770833332,2.3833333333333333
2019-12-04 00:00:00+00:00,16170.544270833334,16471.010416666668,0.5666666666666667
2019-12-05 00:00:00+00:00,16704.138020833332,16811.0859375,-1.2708333333333333
2019-12-06 00:00:00+00:00,17316.247395833332,16857.028645833332,1.6624999999999999
2019-12-07 00:00:00+00:00,15524.828125,14279.518229166666,7.254166666666666
2019-12-08 00:00:00+00:00,14904.502604166666,13498.291666666666,8.783333333333333
2019-12-09 00:00:00+00:00,16240.028645833334,16277.940104166666,6.5
2019-12-10 00:00:00+00:00,16614.010416666668,16581.075520833332,2.3375
2019-12-11 00:00:00+00:00,16342.3359375,16750.6171875,2.1958333333333333
2019-12-12 00:00:00+00:00,15953.799479166666,16507.497395833332,2.8541666666666665
2019-12-13 00:00:00+00:00,15982.328125,16209.466145833334,3.079166666666667
2019-12-14 00:00:00+00:00,14884.841145833334,14166.161458333334,6.2124999999999995
2019-12-15 00:00:00+00:00,14788.526041666666,13343.963541666666,8.1625
2019-12-16 00:00:00+00:00,15552.190104166666,15576.734375,8.304166666666667
2019-12-17 00:00:00+00:00,16352.609375,15586.15625,8.345833333333333
2019-12-18 00:00:00+00:00,15162.471354166666,15425.513020833334,8.254166666666666
2019-12-19 00:00:00+00:00,14826.213541666666,15224.052083333334,5.233333333333333
2019-12-20 00:00:00+00:00,14359.161458333334,14473.846354166666,5.216666666666667
2019-12-21 00:00:00+00:00,11990.447916666666,12748.453125,5.370833333333334
2019-12-22 00:00:00+00:00,11308.127604166666,12070.658854166666,6.770833333333333
2019-12-23 00:00:00+00:00,13086.536458333334,13018.458333333334,6.658333333333334
2019-12-24 00:00:00+00:00,11323.0546875,11810.796875,6.654166666666666
2019-12-25 00:00:00+00:00,9712.625,11081.067708333334,6.316666666666666
2019-12-26 00:00:00+00:00,8744.158854166666,11044.544270833334,3.483333333333333
2019-12-27 00:00:00+00:00,10009.21875,12235.932291666666,3.904166666666667
2019-12-28 00:00:00+00:00,10046.419270833334,12037.932291666666,0.08333333333333336
2019-12-29 00:00:00+00:00,11300.731770833334,11724.53125,-2.1041666666666665
2019-12-30 00:00:00+00:00,14354.817708333334,13008.6171875,-1.8416666666666668
2019-12-31 00:00:00+00:00,12058.596354166666,12145.604166666666,-1.4083333333333332
2020-01-01 00:00:00+00:00,10554.059895833334,11362.364583333334,-1.5
2020-01-02 00:00:00+00:00,12708.4921875,13924.5625,-0.27499999999999997
2020-01-03 00:00:00+00:00,15459.236979166666,14411.2265625,4.866666666666666
2020-01-04 00:00:00+00:00,15348.127604166666,13552.9765625,5.0249999999999995
2020-01-05 00:00:00+00:00,11524.2421875,12364.2109375,4.9750000000000005
2020-01-06 00:00:00+00:00,13995.1171875,14504.395833333334,1.4000000000000001
2020-01-07 00:00:00+00:00,15829.270833333334,16024.3671875,3.7125
2020-01-08 00:00:00+00:00,16450.7890625,16323.627604166666,5.495833333333334
2020-01-09 00:00:00+00:00,15548.940104166666,16083.169270833334,8.720833333333333
2020-01-10 00:00:00+00:00,16194.911458333334,15844.565104166666,8.066666666666666
2020-01-11 00:00:00+00:00,14410.3359375,13827.322916666666,2.5541666666666667
2020-01-12 00:00:00+00:00,15373.234375,13421.622395833334,2.9458333333333333
2020-01-13 00:00:00+00:00,15069.190104166666,16089.981770833334,5.075
2020-01-14 00:00:00+00:00,17711.510416666668,16832.1640625,7.945833333333333
2020-01-15 00:00:00+00:00,17145.557291666668,16498.708333333332,8.966666666666667
2020-01-16 00:00:00+00:00,15317.356770833334,16104.375,7.575
2020-01-17 00:00:00+00:00,16214.5703125,16083.158854166666,5.483333333333333
2020-01-18 00:00:00+00:00,14510.481770833334,13937.049479166666,2.841666666666667
2020-01-19 00:00:00+00:00,12446.651041666666,12804.419270833334,1.6833333333333333
2020-01-20 00:00:00+00:00,15503.473958333334,16008.359375,1.7083333333333333
2020-01-21 00:00:00+00:00,17252.111979166668,16630.848958333332,-1.6875
2020-01-22 00:00:00+00:00,16416.489583333332,16616.403645833332,-2.4791666666666665
2020-01-23 00:00:00+00:00,15625.421875,16551.690104166668,-0.18333333333333335
2020-01-24 00:00:00+00:00,16418.544270833332,16326.208333333334,-0.7833333333333333
2020-01-25 00:00:00+00:00,13988.752604166666,14088.2578125,-0.9416666666666665
2020-01-26 00:00:00+00:00,12425.239583333334,12867.28125,1.3208333333333333
2020-01-27 00:00:00+00:00,16060.098958333334,16156.0,4.75
2020-01-28 00:00:00+00:00,16584.049479166668,16749.208333333332,5.029166666666667
2020-01-29 00:00:00+00:00,17033.765625,17144.622395833332,3.341666666666667
2020-01-30 00:00:00+00:00,16807.09375,16816.463541666668,6.833333333333333
2020-01-31 00:00:00+00:00,16328.4296875,16273.84375,11.529166666666667
2020-02-01 00:00:00+00:00,15207.278645833334,14155.776041666666,10.908333333333333
2020-02-02 00:00:00+00:00,12236.114583333334,13028.416666666666,9.35
2020-02-03 00:00:00+00:00,14669.739583333334,16006.5546875,9.950000000000001
2020-02-04 00:00:00+00:00,15867.153645833334,16789.984375,4.958333333333333
2020-02-05 00:00:00+00:00,15549.1015625,16452.171875,3.0875
2020-02-06 00:00:00+00:00,15765.729166666666,16490.684895833332,0.3583333333333332
2020-02-07 00:00:00+00:00,14665.427083333334,15855.166666666666,0.4749999999999999
2020-02-08 00:00:00+00:00,13243.734375,13842.494791666666,0.5708333333333334
2020-02-09 00:00:00+00:00,14680.138020833334,13411.3046875,8.112499999999999
2020-02-10 00:00:00+00:00,16899.763020833332,16598.559895833332,8.358333333333333
2020-02-11 00:00:00+00:00,17633.473958333332,17145.3046875,5.175
2020-02-12 00:00:00+00:00,17267.4296875,17046.635416666668,3.841666666666667
2020-02-13 00:00:00+00:00,15116.825520833334,16782.114583333332,3.6916666666666664
2020-02-14 00:00:00+00:00,13204.028645833334,15843.013020833334,5.708333333333333
2020-02-15 00:00:00+00:00,14046.908854166666,13850.776041666666,6.466666666666666
2020-02-16 00:00:00+00:00,15039.526041666666,13392.9765625,12.6
2020-02-17 00:00:00+00:00,15872.8359375,16191.997395833334,8.3125
2020-02-18 00:00:00+00:00,16968.369791666668,16667.229166666668,6.479166666666667
2020-02-19 00:00:00+00:00,16177.059895833334,16473.403645833332,5.629166666666666
2020-02-20 00:00:00+00:00,15596.325520833334,16277.013020833334,7.320833333333333
2020-02-21 00:00:00+00:00,16368.278645833334,16085.153645833334,5.179166666666666
2020-02-22 00:00:00+00:00,15911.458333333334,14151.736979166666,7.295833333333333
2020-02-23 00:00:00+00:00,14378.638020833334,13096.427083333334,10.083333333333334
2020-02-24 00:00:00+00:00,14216.421875,15414.432291666666,7.454166666666667
2020-02-25 00:00:00+00:00,16478.372395833332,16047.302083333334,7.995833333333334
2020-02-26 00:00:00+00:00,14298.197916666666,16053.0546875,3.5375
2020-02-27 00:00:00+00:00,14101.328125,16160.760416666666,1.9333333333333333
2020-02-28 00:00:00+00:00,16078.239583333334,15970.9765625,4.0249999999999995
2020-02-29 00:00:00+00:00,15211.854166666666,13919.2109375,8.304166666666667
2020-03-01 00:00:00+00:00,14374.864583333334,12819.393229166666,7.4624999999999995
2020-03-02 00:00:00+00:00,13970.953125,15432.75,6.604166666666667
2020-03-03 00:00:00+00:00,15148.841145833334,15678.760416666666,4.754166666666666
2020-03-04 00:00:00+00:00,14905.705729166666,15729.903645833334,3.9375
2020-03-05 00:00:00+00:00,14895.84375,15815.0234375,5.633333333333333
2020-03-06 00:00:00+00:00,15149.294270833334,15894.645833333334,5.958333333333333
2020-03-07 00:00:00+00:00,12856.265625,13439.260416666666,5.4125000000000005
2020-03-08 00:00:00+00:00,13412.223958333334,12753.622395833334,7.566666666666666
2020-03-09 00:00:00+00:00,13589.291666666666,15235.588541666666,7.179166666666667
2020-03-10 00:00:00+00:00,17128.71875,16721.729166666668,8.033333333333333
2020-03-11 00:00:00+00:00,15482.041666666666,16189.9453125,13.025
2020-03-12 00:00:00+00:00,17032.171875,16324.934895833334,10.554166666666667
2020-03-13 00:00:00+00:00,16128.208333333334,15987.794270833334,6.716666666666666
2020-03-14 00:00:00+00:00,11212.153645833334,13064.71875,4.708333333333333
2020-03-15 00:00:00+00:00,13952.2578125,12674.861979166666,7.879166666666666
2020-03-16 00:00:00+00:00,13086.369791666666,14785.057291666666,9.954166666666667
2020-03-17 00:00:00+00:00,13747.065104166666,15100.0625,10.3
2020-03-18 00:00:00+00:00,14077.0546875,15054.270833333334,9.683333333333334
2020-03-19 00:00:00+00:00,11753.013020833334,14466.846354166666,10.875
2020-03-20 00:00:00+00:00,12016.981770833334,14271.744791666666,11.045833333333334
2020-03-21 00:00:00+00:00,13289.166666666666,13059.328125,5.404166666666666
2020-03-22 00:00:00+00:00,13221.411458333334,12254.8125,3.3625000000000003
2020-03-23 00:00:00+00:00,13712.940104166666,14460.265625,1.8833333333333335
2020-03-24 00:00:00+00:00,13849.934895833334,14501.645833333334,2.283333333333333
2020-03-25 00:00:00+00:00,14032.864583333334,14420.5625,3.295833333333333
2020-03-26 00:00:00+00:00,13733.401041666666,14247.5,5.3374999999999995
2020-03-27 00:00:00+00:00,13144.682291666666,13809.609375,9.404166666666667
2020-03-28 00:00:00+00:00,11809.809895833334,12150.4921875,10.416666666666666
2020-03-29 00:00:00+00:00,12605.0,12288.630208333334,4.654166666666667
2020-03-30 00:00:00+00:00,12227.916666666666,14041.2109375,2.370833333333333
2020-03-31 00:00:00+00:00,11492.677083333334,14116.953125,3.6833333333333336
2020-04-01 00:00:00+00:00,12956.278645833334,14442.640625,2.9499999999999997
2020-04-02 00:00:00+00:00,13962.8046875,14460.315104166666,5.070833333333334
2020-04-03 00:00:00+00:00,12429.216145833334,14182.708333333334,7.075
2020-04-04 00:00:00+00:00,10235.067708333334,11814.994791666666,7.4125000000000005
2020-04-05 00:00:00+00:00,12442.307291666666,11476.447916666666,10.116666666666667
2020-04-06 00:00:00+00:00,12135.239583333334,13434.705729166666,11.825000000000001
2020-04-07 00:00:00+00:00,11183.869791666666,13403.408854166666,14.100000000000001
2020-04-08 00:00:00+00:00,11168.041666666666,13202.8515625,15.191666666666668
2020-04-09 00:00:00+00:00,11096.122395833334,13034.40625,15.325000000000001
2020-04-10 00:00:00+00:00,9357.966145833334,10744.1328125,15.1875
2020-04-11 00:00:00+00:00,9152.161458333334,10829.671875,13.479166666666666
2020-04-12 00:00:00+00:00,9099.213541666666,10300.1015625,14.754166666666665
2020-04-13 00:00:00+00:00,11899.0390625,10938.361979166666,9.645833333333334
2020-04-14 00:00:00+00:00,11020.763020833334,13127.2109375,5.916666666666667
2020-04-15 00:00:00+00:00,11486.463541666666,13391.338541666666,8.616666666666667
2020-04-16 00:00:00+00:00,10472.190104166666,13350.236979166666,13.808333333333332
2020-04-17 00:00:00+00:00,10098.809895833334,12859.625,16.145833333333332
2020-04-18 00:00:00+00:00,10018.346354166666,11337.776041666666,16.504166666666666
2020-04-19 00:00:00+00:00,11705.513020833334,10989.296875,14.075000000000001
2020-04-20 00:00:00+00:00,14462.807291666666,13516.255208333334,13.420833333333334
2020-04-21 00:00:00+00:00,15039.721354166666,13914.442708333334,14.700000000000001
2020-04-22 00:00:00+00:00,13625.515625,13696.885416666666,15.633333333333333
2020-04-23 00:00:00+00:00,10624.315104166666,13297.291666666666,15.775
2020-04-24 00:00:00+00:00,11838.625,13126.786458333334,16.183333333333334
2020-04-25 00:00:00+00:00,9451.609375,11464.106770833334,12.366666666666667
2020-04-26 00:00:00+00:00,8714.096354166666,10684.203125,13.245833333333332
2020-04-27 00:00:00+00:00,10552.651041666666,13009.638020833334,15.15
2020-04-28 00:00:00+00:00,10736.8515625,13333.5703125,14.25
2020-04-29 00:00:00+00:00,10922.614583333334,13543.033854166666,14.595833333333333
2020-04-30 00:00:00+00:00,11828.369791666666,13383.815104166666,12.4
2020-05-01 00:00:00+00:00,10548.046875,10890.364583333334,11.079166666666666
2020-05-02 00:00:00+00:00,10055.677083333334,11223.442708333334,9.987499999999999
2020-05-03 00:00:00+00:00,8647.486979166666,10630.796875,11.887500000000001
2020-05-04 00:00:00+00:00,10660.145833333334,13343.408854166666,11.991666666666667
2020-05-05 00:00:00+00:00,11597.78125,13633.96875,10.404166666666667
2020-05-06 00:00:00+00:00,12078.75,13648.815104166666,10.904166666666667
2020-05-07 00:00:00+00:00,11190.1875,13407.802083333334,13.799999999999999
2020-05-08 00:00:00+00:00,10493.575520833334,12912.833333333334,17.287499999999998
2020-05-09 00:00:00+00:00,8809.059895833334,11137.716145833334,14.783333333333333
2020-05-10 00:00:00+00:00,9489.075520833334,10685.807291666666,16.683333333333334
2020-05-11 00:00:00+00:00,12715.0546875,14060.9296875,7.25
2020-05-12 00:00:00+00:00,11688.611979166666,13863.78125,8.333333333333334
2020-05-13 00:00:00+00:00,11101.4140625,13643.341145833334,10.683333333333332
2020-05-14 00:00:00+00:00,11297.5078125,13659.018229166666,10.762500000000001
2020-05-15 00:00:00+00:00,11566.216145833334,13563.9296875,12.304166666666667
2020-05-16 00:00:00+00:00,10824.78125,11685.598958333334,13.158333333333333
2020-05-17 00:00:00+00:00,10894.361979166666,10990.2265625,14.583333333333334
2020-05-18 00:00:00+00:00,11617.703125,13419.130208333334,17.099999999999998
2020-05-19 00:00:00+00:00,11165.0078125,13608.260416666666,19.25
2020-05-20 00:00:00+00:00,9942.328125,12963.377604166666,19.395833333333332
2020-05-21 00:00:00+00:00,9104.106770833334,10595.921875,19.287499999999998
2020-05-22 00:00:00+00:00,10215.21875,12099.419270833334,20.4875
2020-05-23 00:00:00+00:00,10436.6328125,11528.861979166666,14.720833333333333
2020-05-24 00:00:00+00:00,11686.815104166666,11035.182291666666,13.783333333333333
2020-05-25 00:00:00+00:00,12021.838541666666,13534.192708333334,15.737499999999999
2020-05-26 00:00:00+00:00,10800.627604166666,13313.4765625,14.866666666666667
2020-05-27 00:00:00+00:00,11300.434895833334,13539.106770833334,17.504166666666666
2020-05-28 00:00:00+00:00,11824.010416666666,13469.526041666666,17.379166666666666
2020-05-29 00:00:00+00:00,10560.893229166666,12827.466145833334,16.75
2020-05-30 00:00:00+00:00,9770.846354166666,11153.5625,16.733333333333334
2020-05-31 00:00:00+00:00,10608.75,10376.309895833334,16.337500000000002
2020-06-01 00:00:00+00:00,10732.510416666666,10280.5,19.745833333333334
2020-06-02 00:00:00+00:00,11113.903645833334,13161.731770833334,21.508333333333336
2020-06-03 00:00:00+00:00,11915.424479166666,13510.5234375,21.170833333333334
2020-06-04 00:00:00+00:00,11478.213541666666,13895.098958333334,15.879166666666668
2020-06-05 00:00:00+00:00,12607.768229166666,13651.231770833334,12.424999999999999
2020-06-06 00:00:00+00:00,11795.760416666666,11828.953125,13.275
2020-06-07 00:00:00+00:00,9389.1328125,10811.299479166666,14.929166666666667
2020-06-08 00:00:00+00:00,10650.7578125,13173.135416666666,15.512500000000001
2020-06-09 00:00:00+00:00,11584.700520833334,13481.927083333334,15.783333333333333
2020-06-10 00:00:00+00:00,11561.0703125,13426.674479166666,15.9125
2020-06-11 00:00:00+00:00,10810.127604166666,11810.322916666666,15.862499999999999
2020-06-12 00:00:00+00:00,11804.041666666666,12434.078125,20.900000000000002
2020-06-13 00:00:00+00:00,10560.997395833334,11437.692708333334,21.150000000000002
2020-06-14 00:00:00+00:00,9358.4140625,10906.541666666666,18.758333333333333
2020-06-15 00:00:00+00:00,11573.544270833334,13237.4453125,17.929166666666667
2020-06-16 00:00:00+00:00,11345.158854166666,13541.463541666666,17.179166666666667
2020-06-17 00:00:00+00:00,12400.106770833334,13582.458333333334,18.470833333333335
2020-06-18 00:00:00+00:00,12461.268229166666,13629.138020833334,17.695833333333333
2020-06-19 00:00:00+00:00,11478.34375,13078.682291666666,18.208333333333332
2020-06-20 00:00:00+00:00,10185.408854166666,11369.6875,18.537499999999998
2020-06-21 00:00:00+00:00,8919.541666666666,10541.677083333334,19.7375
2020-06-22 00:00:00+00:00,11537.3828125,13396.119791666666,19.891666666666666
2020-06-23 00:00:00+00:00,11962.6875,13589.5703125,20.804166666666667
2020-06-24 00:00:00+00:00,12852.036458333334,13533.184895833334,21.6875
2020-06-25 00:00:00+00:00,13426.114583333334,13745.486979166666,21.3875
2020-06-26 00:00:00+00:00,12736.364583333334,13260.1015625,23.395833333333332
2020-06-27 00:00:00+00:00,10642.197916666666,11385.052083333334,23.616666666666664
2020-06-28 00:00:00+00:00,10333.776041666666,10670.0546875,20.095833333333335
2020-06-29 00:00:00+00:00,12371.8671875,13423.338541666666,17.9125
2020-06-30 00:00:00+00:00,14063.072916666666,14056.002604166666,18.1875
2020-07-01 00:00:00+00:00,13011.825520833334,13992.510416666666,21.912499999999998
2020-07-02 00:00:00+00:00,11761.8359375,13786.770833333334,20.575
2020-07-03 00:00:00+00:00,12253.5390625,13243.619791666666,19.058333333333334
2020-07-04 00:00:00+00:00,12910.130208333334,11903.5078125,20.929166666666667
2020-07-05 00:00:00+00:00,12534.190104166666,11416.6015625,23.4375
2020-07-06 00:00:00+00:00,14497.0703125,14144.572916666666,17.916666666666668
2020-07-07 00:00:00+00:00,12652.135416666666,14022.7421875,17.1875
2020-07-08 00:00:00+00:00,11520.369791666666,13983.65625,15.854166666666666
2020-07-09 00:00:00+00:00,12018.861979166666,13971.109375,21.691666666666666
2020-07-10 00:00:00+00:00,13311.471354166666,13571.848958333334,20.1875
2020-07-11 00:00:00+00:00,10521.71875,11425.018229166666,18.0
2020-07-12 00:00:00+00:00,10056.151041666666,10493.559895833334,18.583333333333332
2020-07-13 00:00:00+00:00,11347.416666666666,13166.033854166666,20.679166666666667
2020-07-14 00:00:00+00:00,11651.559895833334,13618.630208333334,21.154166666666665
2020-07-15 00:00:00+00:00,10859.9140625,13771.328125,18.537499999999998
2020-07-16 00:00:00+00:00,10919.458333333334,13775.927083333334,16.433333333333334
2020-07-17 00:00:00+00:00,11236.010416666666,13149.028645833334,18.974999999999998
2020-07-18 00:00:00+00:00,9958.9296875,11016.682291666666,20.9875
2020-07-19 00:00:00+00:00,10000.825520833334,10326.057291666666,22.662499999999998
2020-07-20 00:00:00+00:00,11957.611979166666,13198.635416666666,21.441666666666666
2020-07-21 00:00:00+00:00,12290.109375,13486.5625,20.429166666666667
2020-07-22 00:00:00+00:00,11877.40625,13523.208333333334,20.537499999999998
2020-07-23 00:00:00+00:00,12062.184895833334,13365.895833333334,21.670833333333334
2020-07-24 00:00:00+00:00,12258.872395833334,13265.583333333334,22.983333333333334
2020-07-25 00:00:00+00:00,10450.645833333334,11081.174479166666,23.104166666666668
2020-07-26 00:00:00+00:00,11109.6640625,10565.315104166666,21.7375
2020-07-27 00:00:00+00:00,12024.690104166666,13105.765625,22.679166666666664
2020-07-28 00:00:00+00:00,14037.911458333334,13930.1171875,22.920833333333334
2020-07-29 00:00:00+00:00,13732.065104166666,13690.877604166666,20.712500000000002
2020-07-30 00:00:00+00:00,12123.486979166666,13445.575520833334,22.95
2020-07-31 00:00:00+00:00,11911.083333333334,13083.658854166666,26.34583333333333
2020-08-01 00:00:00+00:00,11606.138020833334,11428.752604166666,26.287499999999998
2020-08-02 00:00:00+00:00,9836.0,10539.502604166666,23.1875
2020-08-03 00:00:00+00:00,11015.40625,12964.111979166666,20.316666666666666
2020-08-04 00:00:00+00:00,11347.723958333334,13131.440104166666,20.05
2020-08-05 00:00:00+00:00,13248.098958333334,13362.5234375,21.733333333333334
2020-08-06 00:00:00+00:00,12695.171875,13347.6640625,23.90833333333333
2020-08-07 00:00:00+00:00,12194.979166666666,13198.78125,26.65416666666667
2020-08-08 00:00:00+00:00,11237.268229166666,11462.59375,29.004166666666666
2020-08-09 00:00:00+00:00,11125.1171875,10816.799479166666,29.329166666666666
2020-08-10 00:00:00+00:00,13545.997395833334,13868.940104166666,28.795833333333334
2020-08-11 00:00:00+00:00,14653.2265625,14434.083333333334,28.2625
2020-08-12 00:00:00+00:00,14333.432291666666,14250.622395833334,26.991666666666664
2020-08-13 00:00:00+00:00,12870.377604166666,14161.182291666666,23.65416666666667
2020-08-14 00:00:00+00:00,11574.572916666666,13589.153645833334,22.641666666666666
2020-08-15 00:00:00+00:00,10392.434895833334,11348.3828125,23.020833333333332
2020-08-16 00:00:00+00:00,11117.979166666666,10854.5234375,24.166666666666668
2020-08-17 00:00:00+00:00,12262.958333333334,13692.625,20.933333333333334
2020-08-18 00:00:00+00:00,12458.283854166666,13811.419270833334,21.195833333333333
2020-08-19 00:00:00+00:00,12599.822916666666,13779.9140625,20.820833333333333
2020-08-20 00:00:00+00:00,13290.479166666666,14057.630208333334,24.22083333333333
2020-08-21 00:00:00+00:00,13420.809895833334,14006.6171875,25.675
2020-08-22 00:00:00+00:00,11854.338541666666,11876.567708333334,22.633333333333336
2020-08-23 00:00:00+00:00,12186.807291666666,11102.291666666666,20.037499999999998
2020-08-24 00:00:00+00:00,13015.3515625,13579.002604166666,18.537499999999998
2020-08-25 00:00:00+00:00,13954.575520833334,14027.713541666666,19.366666666666667
2020-08-26 00:00:00+00:00,16299.294270833334,14822.252604166666,20.25
2020-08-27 00:00:00+00:00,13769.091145833334,14063.252604166666,18.504166666666666
2020-08-28 00:00:00+00:00,13450.7734375,13635.354166666666,19.095833333333335
2020-08-29 00:00:00+00:00,10996.888020833334,11478.0,17.104166666666668
2020-08-30 00:00:00+00:00,10166.559895833334,10731.604166666666,16.591666666666665
2020-08-31 00:00:00+00:00,12538.546875,13704.114583333334,16.104166666666668
2020-09-01 00:00:00+00:00,12912.34375,14005.661458333334,16.529166666666665
2020-09-02 00:00:00+00:00,13064.78125,14021.869791666666,16.025
2020-09-03 00:00:00+00:00,14745.736979166666,14218.7421875,16.304166666666667
2020-09-04 00:00:00+00:00,13634.1015625,13760.25,21.037499999999998
2020-09-05 00:00:00+00:00,11731.098958333334,11722.783854166666,17.587500000000002
2020-09-06 00:00:00+00:00,10765.986979166666,10913.169270833334,15.691666666666668
2020-09-07 00:00:00+00:00,12813.291666666666,13770.729166666666,15.924999999999999
2020-09-08 00:00:00+00:00,14524.143229166666,14466.338541666666,17.4875
2020-09-09 00:00:00+00:00,14892.796875,14557.877604166666,19.4375
2020-09-10 00:00:00+00:00,13674.380208333334,14241.861979166666,18.895833333333332
2020-09-11 00:00:00+00:00,13414.533854166666,13641.385416666666,18.545833333333334
2020-09-12 00:00:00+00:00,12437.997395833334,11979.473958333334,20.258333333333333
2020-09-13 00:00:00+00:00,11644.8671875,11057.916666666666,20.2
2020-09-14 00:00:00+00:00,13178.53125,13853.963541666666,22.09166666666667
2020-09-15 00:00:00+00:00,13259.125,14256.044270833334,22.47083333333333
2020-09-16 00:00:00+00:00,14080.674479166666,14624.716145833334,22.6375
2020-09-17 00:00:00+00:00,14191.393229166666,14307.1015625,17.595833333333335
2020-09-18 00:00:00+00:00,13568.044270833334,13747.979166666666,17.220833333333335
2020-09-19 00:00:00+00:00,11932.643229166666,11636.276041666666,16.8875
2020-09-20 00:00:00+00:00,11158.981770833334,10801.0234375,17.695833333333333
2020-09-21 00:00:00+00:00,12275.802083333334,13746.46875,17.654166666666665
2020-09-22 00:00:00+00:00,12460.3203125,14126.385416666666,19.2625
2020-09-23 00:00:00+00:00,13290.278645833334,14307.8203125,19.412499999999998
2020-09-24 00:00:00+00:00,14523.026041666666,14426.4140625,17.545833333333334
2020-09-25 00:00:00+00:00,12134.549479166666,14018.395833333334,12.583333333333334
2020-09-26 00:00:00+00:00,10865.3359375,12345.2109375,11.0625
2020-09-27 00:00:00+00:00,9966.752604166666,11370.208333333334,10.595833333333333
2020-09-28 00:00:00+00:00,12251.627604166666,14146.953125,10.174999999999999
2020-09-29 00:00:00+00:00,12650.567708333334,14449.794270833334,12.258333333333333
2020-09-30 00:00:00+00:00,13375.604166666666,14413.549479166666,13.504166666666665
2020-10-01 00:00:00+00:00,14557.322916666666,14671.8515625,13.333333333333334
2020-10-02 00:00:00+00:00,14136.223958333334,14569.390625,15.845833333333333
2020-10-03 00:00:00+00:00,12340.979166666666,12099.299479166666,12.5875
2020-10-04 00:00:00+00:00,12520.1171875,11760.981770833334,12.583333333333334
2020-10-05 00:00:00+00:00,14515.3046875,14840.388020833334,11.379166666666668
2020-10-06 00:00:00+00:00,15276.901041666666,15393.205729166666,12.116666666666667
2020-10-07 00:00:00+00:00,14939.0078125,15224.927083333334,12.479166666666666
2020-10-08 00:00:00+00:00,16088.091145833334,15609.442708333334,13.166666666666666
2020-10-09 00:00:00+00:00,13688.294270833334,14561.481770833334,13.966666666666667
2020-10-10 00:00:00+00:00,12933.809895833334,12686.908854166666,10.1875
2020-10-11 00:00:00+00:00,12061.158854166666,11905.869791666666,8.7375
2020-10-12 00:00:00+00:00,13842.734375,14608.4765625,8.616666666666667
2020-10-13 00:00:00+00:00,14362.807291666666,14898.028645833334,7.2124999999999995
2020-10-14 00:00:00+00:00,16364.651041666666,15721.377604166666,8.354166666666666
2020-10-15 00:00:00+00:00,15481.614583333334,15556.541666666666,9.066666666666666
2020-10-16 00:00:00+00:00,13895.265625,14702.247395833334,9.104166666666666
2020-10-17 00:00:00+00:00,11767.247395833334,12451.450520833334,7.8125
2020-10-18 00:00:00+00:00,12687.401041666666,12157.075520833334,7.741666666666667
2020-10-19 00:00:00+00:00,14467.8046875,14779.528645833334,8.65
2020-10-20 00:00:00+00:00,15741.627604166666,15351.208333333334,9.441666666666666
2020-10-21 00:00:00+00:00,15869.026041666666,15541.0625,14.429166666666667
2020-10-22 00:00:00+00:00,16358.0,15446.7421875,16.1
2020-10-23 00:00:00+00:00,14692.622395833334,14844.544270833334,13.9125
2020-10-24 00:00:00+00:00,13012.143229166666,12971.434895833334,12.991666666666667
2020-10-25 00:00:00+00:00,12941.802083333334,12320.8671875,12.895833333333334
2020-10-26 00:00:00+00:00,14094.830729166666,15000.856770833334,10.225
2020-10-27 00:00:00+00:00,16354.739583333334,15625.151041666666,8.904166666666667
2020-10-28 00:00:00+00:00,16256.557291666666,15726.2109375,11.5375
2020-10-29 00:00:00+00:00,16248.953125,15785.0,10.795833333333334
2020-10-30 00:00:00+00:00,15249.736979166666,15144.947916666666,12.924999999999999
2020-10-31 00:00:00+00:00,11682.9921875,12352.184895833334,12.5
2020-11-01 00:00:00+00:00,11896.057291666666,12291.315104166666,13.674999999999999
2020-11-02 00:00:00+00:00,16098.1640625,15432.6640625,17.645833333333332
2020-11-03 00:00:00+00:00,15101.856770833334,15412.622395833334,11.654166666666667
2020-11-04 00:00:00+00:00,15700.026041666666,15631.888020833334,6.5249999999999995
2020-11-05 00:00:00+00:00,15598.924479166666,15675.0546875,4.945833333333334
2020-11-06 00:00:00+00:00,13853.8828125,15040.65625,4.104166666666667
2020-11-07 00:00:00+00:00,11936.315104166666,12769.252604166666,4.983333333333333
2020-11-08 00:00:00+00:00,11407.260416666666,11918.638020833334,6.508333333333333
2020-11-09 00:00:00+00:00,14200.755208333334,14916.791666666666,6.9875
2020-11-10 00:00:00+00:00,14524.8515625,15363.885416666666,7.054166666666667
2020-11-11 00:00:00+00:00,13986.3671875,15448.614583333334,7.916666666666667
2020-11-12 00:00:00+00:00,15203.291666666666,15583.682291666666,8.362499999999999
2020-11-13 00:00:00+00:00,15050.5703125,15119.390625,8.333333333333334
2020-11-14 00:00:00+00:00,12594.778645833334,12833.270833333334,10.383333333333333
2020-11-15 00:00:00+00:00,13630.8984375,12530.205729166666,11.9125
2020-11-16 00:00:00+00:00,15669.796875,15538.6953125,10.470833333333333
2020-11-17 00:00:00+00:00,16214.010416666666,15940.713541666666,10.15
2020-11-18 00:00:00+00:00,15665.9296875,15676.111979166666,9.375
2020-11-19 00:00:00+00:00,16415.997395833332,16234.6328125,8.808333333333334
2020-11-20 00:00:00+00:00,14928.880208333334,15564.510416666666,3.0749999999999997
2020-11-21 00:00:00+00:00,14743.744791666666,13919.283854166666,2.125
2020-11-22 00:00:00+00:00,14440.8203125,13102.010416666666,4.7
2020-11-23 00:00:00+00:00,16862.583333333332,15939.296875,6.633333333333333
2020-11-24 00:00:00+00:00,16801.7265625,16321.552083333334,4.9375
2020-11-25 00:00:00+00:00,16665.9765625,16197.958333333334,3.608333333333333
2020-11-26 00:00:00+00:00,15962.1015625,16154.661458333334,1.0
2020-11-27 00:00:00+00:00,15087.799479166666,15597.4296875,1.5374999999999999
2020-11-28 00:00:00+00:00,13895.372395833334,13727.260416666666,0.7208333333333333
2020-11-29 00:00:00+00:00,12756.385416666666,12971.580729166666,0.054166666666666675
2020-11-30 00:00:00+00:00,16656.895833333332,16244.200520833334,-1.7
2020-12-01 00:00:00+00:00,15583.518229166666,16321.875,0.7374999999999999
2020-12-02 00:00:00+00:00,15569.846354166666,16360.2421875,1.0250000000000001
2020-12-03 00:00:00+00:00,17351.7421875,17054.0625,1.9333333333333333
2020-12-04 00:00:00+00:00,17153.901041666668,16484.338541666668,3.4625
2020-12-05 00:00:00+00:00,14536.6171875,13808.671875,2.875
2020-12-06 00:00:00+00:00,13987.252604166666,13110.169270833334,3.3375
2020-12-07 00:00:00+00:00,16700.895833333332,16358.3359375,3.4583333333333335
2020-12-08 00:00:00+00:00,15861.2578125,16141.877604166666,0.9416666666666668
2020-12-09 00:00:00+00:00,15800.276041666666,16414.598958333332,1.45
2020-12-10 00:00:00+00:00,15200.572916666666,16402.747395833332,0.3958333333333333
2020-12-11 00:00:00+00:00,16839.119791666668,16430.2734375,1.6791666666666665
2020-12-12 00:00:00+00:00,13619.013020833334,13903.317708333334,4.895833333333333
2020-12-13 00:00:00+00:00,12339.950520833334,12776.057291666666,4.75
2020-12-14 00:00:00+00:00,16264.0859375,15840.703125,4.5625
2020-12-15 00:00:00+00:00,15706.765625,16056.3515625,6.120833333333334
2020-12-16 00:00:00+00:00,15223.838541666666,15697.606770833334,7.191666666666666
2020-12-17 00:00:00+00:00,16156.606770833334,15811.4921875,6.425
2020-12-18 00:00:00+00:00,15098.096354166666,15153.265625,4.170833333333333
2020-12-19 00:00:00+00:00,13915.0625,13369.229166666666,5.504166666666666
2020-12-20 00:00:00+00:00,12446.963541666666,12434.283854166666,5.616666666666667
2020-12-21 00:00:00+00:00,14287.049479166666,14310.815104166666,6.133333333333333
2020-12-22 00:00:00+00:00,14608.239583333334,14368.885416666666,11.975
2020-12-23 00:00:00+00:00,12135.3046875,13275.979166666666,11.908333333333333
2020-12-24 00:00:00+00:00,11820.5546875,12071.994791666666,6.620833333333334
2020-12-25 00:00:00+00:00,9405.018229166666,11409.549479166666,2.3333333333333335
2020-12-26 00:00:00+00:00,11916.1953125,11888.46875,1.075
2020-12-27 00:00:00+00:00,14542.75,12823.494791666666,2.9
2020-12-28 00:00:00+00:00,11375.950520833334,12918.096354166666,4.066666666666667
2020-12-29 00:00:00+00:00,11985.481770833334,12973.830729166666,2.7624999999999997
2020-12-30 00:00:00+00:00,13514.606770833334,13143.877604166666,2.9416666666666664
2020-12-31 00:00:00+00:00,12101.231770833334,12251.677083333334,2.0875
2021-01-01 00:00:00+00:00,9761.934895833334,11429.234375,2.154166666666667
2021-01-02 00:00:00+00:00,10445.2265625,12222.921875,0.5499999999999999
2021-01-03 00:00:00+00:00,12496.666666666666,12661.653645833334,1.1916666666666667
2021-01-04 00:00:00+00:00,15065.307291666666,15428.997395833334,1.1500000000000001
2021-01-05 00:00:00+00:00,15615.7265625,15822.510416666666,1.8791666666666667
2021-01-06 00:00:00+00:00,14303.104166666666,15130.9609375,2.0208333333333335
2021-01-07 00:00:00+00:00,14475.505208333334,15882.729166666666,0.9791666666666666
2021-01-08 00:00:00+00:00,14384.0234375,15641.885416666666,0.9500000000000001
2021-01-09 00:00:00+00:00,12908.966145833334,13830.614583333334,-0.8958333333333334
2021-01-10 00:00:00+00:00,13381.861979166666,13511.658854166666,-1.0041666666666667
2021-01-11 00:00:00+00:00,17332.231770833332,17046.703125,-2.183333333333333
2021-01-12 00:00:00+00:00,17436.888020833332,17120.692708333332,1.8166666666666667
2021-01-13 00:00:00+00:00,18089.45052083333,17183.6875,1.4124999999999999
2021-01-14 00:00:00+00:00,15442.294270833334,16791.877604166668,0.8708333333333332
2021-01-15 00:00:00+00:00,15012.34375,16425.0390625,-0.7166666666666667
2021-01-16 00:00:00+00:00,13555.473958333334,14460.1875,-1.5875000000000001
2021-01-17 00:00:00+00:00,12652.630208333334,13649.263020833334,-0.8041666666666667
2021-01-18 00:00:00+00:00,17032.0703125,16587.34375,2.9916666666666667
2021-01-19 00:00:00+00:00,18208.34114583333,17006.377604166668,3.0
2021-01-20 00:00:00+00:00,17646.916666666668,16923.3125,4.616666666666666
2021-01-21 00:00:00+00:00,17541.822916666668,16891.15625,8.266666666666667
2021-01-22 00:00:00+00:00,16467.8828125,16332.263020833334,5.7124999999999995
2021-01-23 00:00:00+00:00,13009.903645833334,13918.25,2.908333333333333
2021-01-24 00:00:00+00:00,12433.880208333334,13162.286458333334,1.125
2021-01-25 00:00:00+00:00,14614.205729166666,16209.994791666666,-0.2333333333333333
2021-01-26 00:00:00+00:00,16157.9609375,16793.0859375,1.8916666666666666
2021-01-27 00:00:00+00:00,16043.5234375,16823.002604166668,0.9500000000000001
2021-01-28 00:00:00+00:00,14962.815104166666,16658.8671875,5.8625
2021-01-29 00:00:00+00:00,16128.8984375,16252.026041666666,8.200000000000001
2021-01-30 00:00:00+00:00,12164.2734375,14060.6875,3.279166666666667
2021-01-31 00:00:00+00:00,11659.567708333334,13546.317708333334,0.8999999999999999
2021-02-01 00:00:00+00:00,14597.088541666666,16294.776041666666,3.3208333333333333
2021-02-02 00:00:00+00:00,14382.731770833334,16412.390625,6.541666666666667
2021-02-03 00:00:00+00:00,16010.4375,16660.877604166668,9.7875
2021-02-04 00:00:00+00:00,15057.940104166666,16112.677083333334,6.783333333333334
2021-02-05 00:00:00+00:00,14826.354166666666,15966.515625,4.954166666666667
2021-02-06 00:00:00+00:00,14641.6953125,14405.96875,4.841666666666667
2021-02-07 00:00:00+00:00,14900.3984375,14134.8828125,1.5583333333333333
2021-02-08 00:00:00+00:00,16374.625,16691.244791666668,-4.566666666666666
2021-02-09 00:00:00+00:00,15507.7265625,17084.1328125,-7.583333333333333
2021-02-10 00:00:00+00:00,15491.7890625,17219.294270833332,-7.470833333333334
2021-02-11 00:00:00+00:00,14655.190104166666,17118.013020833332,-4.016666666666667
2021-02-12 00:00:00+00:00,15874.833333333334,16868.364583333332,-5.104166666666667
2021-02-13 00:00:00+00:00,14121.7890625,14851.760416666666,-4.716666666666667
2021-02-14 00:00:00+00:00,14159.9296875,14242.309895833334,-3.1041666666666665
2021-02-15 00:00:00+00:00,17063.6875,17105.34375,-0.7541666666666668
2021-02-16 00:00:00+00:00,15409.270833333334,16473.072916666668,3.5541666666666667
2021-02-17 00:00:00+00:00,16016.356770833334,16482.127604166668,6.083333333333333
2021-02-18 00:00:00+00:00,15818.8125,16259.958333333334,4.825
2021-02-19 00:00:00+00:00,15004.263020833334,15776.916666666666,5.7124999999999995
2021-02-20 00:00:00+00:00,12740.71875,13467.317708333334,8.362499999999999
2021-02-21 00:00:00+00:00,11717.859375,12341.119791666666,7.7
2021-02-22 00:00:00+00:00,13865.0703125,15244.986979166666,5.816666666666666
2021-02-23 00:00:00+00:00,13803.609375,15533.15625,8.862499999999999
2021-02-24 00:00:00+00:00,14191.864583333334,15618.03125,10.545833333333333
2021-02-25 00:00:00+00:00,13661.169270833334,15436.984375,9.070833333333333
2021-02-26 00:00:00+00:00,12925.4765625,15456.515625,5.479166666666667
2021-02-27 00:00:00+00:00,10952.611979166666,13206.75,4.2749999999999995
2021-02-28 00:00:00+00:00,10552.192708333334,12473.825520833334,4.325
2021-03-01 00:00:00+00:00,12943.135416666666,15393.234375,4.991666666666666
2021-03-02 00:00:00+00:00,13894.924479166666,15485.026041666666,6.345833333333334
2021-03-03 00:00:00+00:00,14245.760416666666,15673.755208333334,5.758333333333333
2021-03-04 00:00:00+00:00,14326.8515625,15764.2109375,7.208333333333333
2021-03-05 00:00:00+00:00,13755.2578125,15647.494791666666,3.1041666666666665
2021-03-06 00:00:00+00:00,13627.846354166666,13657.317708333334,0.4791666666666667
2021-03-07 00:00:00+00:00,13676.247395833334,13077.9375,1.0416666666666667
2021-03-08 00:00:00+00:00,14307.5078125,15543.145833333334,1.9749999999999999
2021-03-09 00:00:00+00:00,14560.630208333334,16069.3359375,3.2583333333333333
2021-03-10 00:00:00+00:00,15063.2578125,16090.815104166666,5.675
2021-03-11 00:00:00+00:00,17226.8359375,16767.0,9.216666666666667
2021-03-12 00:00:00+00:00,17093.393229166668,16238.848958333334,7.016666666666667
2021-03-13 00:00:00+00:00,16045.916666666666,14410.705729166666,6.5625
2021-03-14 00:00:00+00:00,13779.872395833334,13377.6875,4.425
2021-03-15 00:00:00+00:00,15300.947916666666,15941.013020833334,5.2
2021-03-16 00:00:00+00:00,14804.333333333334,16094.651041666666,5.329166666666667
2021-03-17 00:00:00+00:00,13294.244791666666,15893.614583333334,3.0416666666666665
2021-03-18 00:00:00+00:00,13396.528645833334,15862.018229166666,2.558333333333333
2021-03-19 00:00:00+00:00,13842.893229166666,15905.557291666666,2.75
2021-03-20 00:00:00+00:00,12945.369791666666,13789.09375,1.6624999999999999
2021-03-21 00:00:00+00:00,14246.979166666666,13207.9453125,5.270833333333333
2021-03-22 00:00:00+00:00,14030.9375,15705.989583333334,4.8999999999999995
2021-03-23 00:00:00+00:00,13920.208333333334,15817.815104166666,5.558333333333334
2021-03-24 00:00:00+00:00,14537.635416666666,15580.2734375,5.3999999999999995
2021-03-25 00:00:00+00:00,14025.041666666666,15286.786458333334,7.9875
2021-03-26 00:00:00+00:00,14101.705729166666,14975.317708333334,10.075000000000001
2021-03-27 00:00:00+00:00,14300.916666666666,13685.411458333334,7.470833333333334
2021-03-28 00:00:00+00:00,13385.893229166666,12607.140625,8.508333333333333
2021-03-29 00:00:00+00:00,14639.580729166666,15023.971354166666,10.708333333333334
2021-03-30 00:00:00+00:00,12763.994791666666,14893.3984375,11.5875
2021-03-31 00:00:00+00:00,11676.549479166666,14505.572916666666,13.487499999999999
2021-04-01 00:00:00+00:00,12893.151041666666,14326.317708333334,14.129166666666668
2021-04-02 00:00:00+00:00,12005.885416666666,12135.8125,8.366666666666667
2021-04-03 00:00:00+00:00,10266.244791666666,12152.510416666666,7.1125
2021-04-04 00:00:00+00:00,10887.966145833334,11474.919270833334,6.266666666666667
2021-04-05 00:00:00+00:00,14008.28125,12705.1015625,3.35
2021-04-06 00:00:00+00:00,15260.705729166666,15769.200520833334,2.3833333333333333
2021-04-07 00:00:00+00:00,16183.078125,16420.216145833332,2.2708333333333335
2021-04-08 00:00:00+00:00,15694.875,15866.177083333334,3.0041666666666664
2021-04-09 00:00:00+00:00,14783.205729166666,15392.239583333334,7.745833333333334
2021-04-10 00:00:00+00:00,11627.450520833334,12873.934895833334,9.191666666666666
2021-04-11 00:00:00+00:00,12705.6875,12512.216145833334,8.3375
2021-04-12 00:00:00+00:00,14894.3203125,15488.049479166666,4.658333333333333
2021-04-13 00:00:00+00:00,15473.513020833334,15826.377604166666,3.3541666666666665
2021-04-14 00:00:00+00:00,14461.802083333334,15633.828125,3.9583333333333335
2021-04-15 00:00:00+00:00,14775.119791666666,15712.552083333334,4.370833333333333
2021-04-16 00:00:00+00:00,14559.739583333334,15463.721354166666,5.2749999999999995
2021-04-17 00:00:00+00:00,12546.078125,13051.705729166666,6.916666666666667
2021-04-18 00:00:00+00:00,11611.96875,12062.25,8.637500000000001
2021-04-19 00:00:00+00:00,13374.59375,15097.411458333334,9.020833333333334
2021-04-20 00:00:00+00:00,13801.5546875,15084.166666666666,10.2125
2021-04-21 00:00:00+00:00,14766.518229166666,15152.3515625,10.795833333333334
2021-04-22 00:00:00+00:00,15136.03125,15296.401041666666,8.266666666666667
2021-04-23 00:00:00+00:00,13683.786458333334,14647.348958333334,8.2875
2021-04-24 00:00:00+00:00,11528.09375,12415.7265625,9.433333333333334
2021-04-25 00:00:00+00:00,10850.018229166666,11675.692708333334,8.033333333333333
2021-04-26 00:00:00+00:00,13170.841145833334,14474.546875,8.654166666666667
2021-04-27 00:00:00+00:00,14849.924479166666,14660.53125,9.991666666666667
2021-04-28 00:00:00+00:00,14281.2578125,14685.265625,13.0625
2021-04-29 00:00:00+00:00,14613.0,15019.5,11.275
2021-04-30 00:00:00+00:00,12643.734375,14528.4140625,7.762499999999999
2021-05-01 00:00:00+00:00,9411.942708333334,11539.588541666666,10.195833333333333
2021-05-02 00:00:00+00:00,11157.0390625,11818.9296875,9.016666666666667
2021-05-03 00:00:00+00:00,13391.291666666666,14840.7734375,9.270833333333334
2021-05-04 00:00:00+00:00,16660.7421875,15804.669270833334,10.591666666666667
2021-05-05 00:00:00+00:00,16103.942708333334,15767.578125,8.487499999999999
2021-05-06 00:00:00+00:00,13490.122395833334,15440.3359375,7.366666666666667
2021-05-07 00:00:00+00:00,13776.486979166666,14835.723958333334,7.820833333333333
2021-05-08 00:00:00+00:00,11594.989583333334,12565.473958333334,10.420833333333333
2021-05-09 00:00:00+00:00,12278.841145833334,11781.942708333334,18.5
2021-05-10 00:00:00+00:00,12676.8515625,14472.502604166666,16.866666666666667
2021-05-11 00:00:00+00:00,11705.828125,14602.096354166666,13.458333333333334
2021-05-12 00:00:00+00:00,11112.765625,14439.270833333334,13.020833333333334
2021-05-13 00:00:00+00:00,8779.489583333334,11679.5390625,13.674999999999999
2021-05-14 00:00:00+00:00,9853.442708333334,12715.328125,12.979166666666666
2021-05-15 00:00:00+00:00,9622.630208333334,11987.294270833334,11.654166666666667
2021-05-16 00:00:00+00:00,9594.106770833334,11437.690104166666,11.575000000000001
2021-05-17 00:00:00+00:00,11387.984375,14258.809895833334,11.679166666666667
2021-05-18 00:00:00+00:00,11596.9765625,14590.078125,11.433333333333332
2021-05-19 00:00:00+00:00,11626.671875,14511.005208333334,11.491666666666667
2021-05-20 00:00:00+00:00,11937.765625,14529.197916666666,12.6
2021-05-21 00:00:00+00:00,14010.71875,14695.536458333334,13.870833333333332
2021-05-22 00:00:00+00:00,14116.541666666666,12711.958333333334,12.179166666666667
2021-05-23 00:00:00+00:00,11340.466145833334,11241.315104166666,12.533333333333333
2021-05-24 00:00:00+00:00,11880.713541666666,11487.802083333334,13.608333333333334
2021-05-25 00:00:00+00:00,14072.255208333334,14486.260416666666,10.008333333333333
2021-05-26 00:00:00+00:00,14520.783854166666,14995.065104166666,10.450000000000001
2021-05-27 00:00:00+00:00,14482.424479166666,14775.1875,10.391666666666667
2021-05-28 00:00:00+00:00,12613.252604166666,14083.200520833334,13.020833333333334
2021-05-29 00:00:00+00:00,10763.052083333334,12039.255208333334,14.049999999999999
2021-05-30 00:00:00+00:00,10211.919270833334,11174.096354166666,14.458333333333334
2021-05-31 00:00:00+00:00,12054.25,13786.2109375,15.450000000000001
2021-06-01 00:00:00+00:00,12277.005208333334,14069.619791666666,17.25
2021-06-02 00:00:00+00:00,13172.2578125,14296.388020833334,19.908333333333335
2021-06-03 00:00:00+00:00,12407.731770833334,12792.984375,21.091666666666665
2021-06-04 00:00:00+00:00,11286.489583333334,13269.0234375,21.241666666666667
2021-06-05 00:00:00+00:00,10466.015625,11852.208333333334,19.379166666666666
2021-06-06 00:00:00+00:00,9472.989583333334,11236.5,18.404166666666665
2021-06-07 00:00:00+00:00,12148.640625,14094.666666666666,18.270833333333332
2021-06-08 00:00:00+00:00,12823.2734375,14372.424479166666,19.429166666666667
2021-06-09 00:00:00+00:00,12686.7109375,14455.2109375,20.408333333333335
2021-06-10 00:00:00+00:00,12856.697916666666,14451.536458333334,21.070833333333333
2021-06-11 00:00:00+00:00,12876.809895833334,14280.09375,22.037499999999998
2021-06-12 00:00:00+00:00,12659.658854166666,12456.713541666666,20.533333333333335
2021-06-13 00:00:00+00:00,10956.104166666666,11421.432291666666,18.037499999999998
2021-06-14 00:00:00+00:00,12682.145833333334,14132.380208333334,20.445833333333333
2021-06-15 00:00:00+00:00,12926.041666666666,14577.208333333334,23.474999999999998
2021-06-16 00:00:00+00:00,14075.572916666666,14746.9765625,26.141666666666666
2021-06-17 00:00:00+00:00,14685.872395833334,15259.270833333334,27.733333333333334
2021-06-18 00:00:00+00:00,14138.0390625,15016.411458333334,28.087500000000002
2021-06-19 00:00:00+00:00,12225.807291666666,12784.40625,27.837500000000002
2021-06-20 00:00:00+00:00,11735.661458333334,11886.427083333334,25.083333333333332
2021-06-21 00:00:00+00:00,14242.291666666666,14846.3671875,21.504166666666666
2021-06-22 00:00:00+00:00,13362.614583333334,14794.802083333334,17.358333333333334
2021-06-23 00:00:00+00:00,12991.794270833334,14369.614583333334,18.8875
2021-06-24 00:00:00+00:00,12333.864583333334,14288.377604166666,17.033333333333335
2021-06-25 00:00:00+00:00,12095.239583333334,14037.432291666666,18.55
2021-06-26 00:00:00+00:00,10760.9140625,11957.106770833334,19.554166666666667
2021-06-27 00:00:00+00:00,10381.083333333334,11266.502604166666,22.204166666666666
2021-06-28 00:00:00+00:00,13463.721354166666,14776.401041666666,22.59583333333333
2021-06-29 00:00:00+00:00,13498.981770833334,14774.6875,19.45
2021-06-30 00:00:00+00:00,13130.713541666666,14723.317708333334,16.558333333333334
2021-07-01 00:00:00+00:00,13061.893229166666,14990.533854166666,15.445833333333333
2021-07-02 00:00:00+00:00,12601.799479166666,14225.690104166666,17.841666666666665
2021-07-03 00:00:00+00:00,11143.8359375,11972.575520833334,20.033333333333335
2021-07-04 00:00:00+00:00,10535.583333333334,11313.669270833334,18.875
2021-07-05 00:00:00+00:00,12332.138020833334,14304.072916666666,18.349999999999998
2021-07-06 00:00:00+00:00,14119.479166666666,14950.067708333334,18.383333333333333
2021-07-07 00:00:00+00:00,12516.463541666666,14646.065104166666,19.2
2021-07-08 00:00:00+00:00,11856.927083333334,14466.877604166666,18.625
2021-07-09 00:00:00+00:00,12270.138020833334,14361.1640625,18.266666666666666
2021-07-10 00:00:00+00:00,11546.057291666666,12105.255208333334,19.3875
2021-07-11 00:00:00+00:00,10621.825520833334,11353.0078125,18.358333333333334
2021-07-12 00:00:00+00:00,12780.3671875,14509.40625,20.229166666666668
2021-07-13 00:00:00+00:00,12343.692708333334,14829.028645833334,18.808333333333334
2021-07-14 00:00:00+00:00,12712.5703125,14744.427083333334,17.125
2021-07-15 00:00:00+00:00,12549.6640625,14457.463541666666,18.241666666666667
2021-07-16 00:00:00+00:00,12457.760416666666,14235.28125,19.962500000000002
2021-07-17 00:00:00+00:00,11068.213541666666,12216.9921875,21.71666666666667
2021-07-18 00:00:00+00:00,10722.041666666666,11493.859375,21.46666666666667
2021-07-19 00:00:00+00:00,11792.78125,14183.526041666666,20.533333333333335
2021-07-20 00:00:00+00:00,11945.880208333334,14422.7890625,18.754166666666666
2021-07-21 00:00:00+00:00,11817.208333333334,14203.450520833334,19.099999999999998
2021-07-22 00:00:00+00:00,11979.809895833334,14252.028645833334,20.470833333333335
2021-07-23 00:00:00+00:00,11886.080729166666,13953.416666666666,21.554166666666664
2021-07-24 00:00:00+00:00,11083.497395833334,12107.9921875,20.73333333333333
2021-07-25 00:00:00+00:00,10413.541666666666,11504.013020833334,21.9375
2021-07-26 00:00:00+00:00,12093.028645833334,14157.703125,20.941666666666666
2021-07-27 00:00:00+00:00,12770.6640625,14299.713541666666,20.583333333333332
2021-07-28 00:00:00+00:00,12932.609375,14265.5390625,19.575
2021-07-29 00:00:00+00:00,14349.046875,14427.6171875,19.083333333333332
2021-07-30 00:00:00+00:00,12563.010416666666,13850.8203125,20.575
2021-07-31 00:00:00+00:00,12761.606770833334,12250.5390625,19.650000000000002
2021-08-01 00:00:00+00:00,9399.057291666666,11029.778645833334,18.791666666666668
2021-08-02 00:00:00+00:00,11776.1484375,13601.424479166666,17.454166666666666
2021-08-03 00:00:00+00:00,11006.6875,13787.838541666666,16.162499999999998
2021-08-04 00:00:00+00:00,11061.690104166666,13588.325520833334,17.366666666666667
2021-08-05 00:00:00+00:00,11320.955729166666,13781.255208333334,18.420833333333334
2021-08-06 00:00:00+00:00,11809.450520833334,13566.046875,18.566666666666666
2021-08-07 00:00:00+00:00,10354.1875,11657.65625,18.2
2021-08-08 00:00:00+00:00,11809.5859375,11296.645833333334,16.766666666666666
2021-08-09 00:00:00+00:00,12302.596354166666,13370.591145833334,17.908333333333335
2021-08-10 00:00:00+00:00,11838.3359375,13573.359375,18.841666666666665
2021-08-11 00:00:00+00:00,11286.598958333334,13638.15625,20.154166666666665
2021-08-12 00:00:00+00:00,11532.34375,13707.421875,22.3125
2021-08-13 00:00:00+00:00,12663.5078125,13770.5,22.854166666666668
2021-08-14 00:00:00+00:00,11893.125,11960.815104166666,22.525000000000002
2021-08-15 00:00:00+00:00,10560.330729166666,11249.5546875,22.558333333333334
2021-08-16 00:00:00+00:00,14548.549479166666,14225.1171875,18.662499999999998
2021-08-17 00:00:00+00:00,14750.0703125,14462.098958333334,15.083333333333334
2021-08-18 00:00:00+00:00,13847.015625,14432.080729166666,17.504166666666666
2021-08-19 00:00:00+00:00,12691.848958333334,14294.25,19.091666666666665
2021-08-20 00:00:00+00:00,11601.4921875,13681.877604166666,19.2375
2021-08-21 00:00:00+00:00,10493.6640625,11571.856770833334,21.479166666666668
2021-08-22 00:00:00+00:00,10414.916666666666,11117.9296875,18.25
2021-08-23 00:00:00+00:00,12872.739583333334,14090.947916666666,17.650000000000002
2021-08-24 00:00:00+00:00,12507.364583333334,14101.713541666666,16.395833333333332
2021-08-25 00:00:00+00:00,13861.619791666666,14309.510416666666,17.474999999999998
2021-08-26 00:00:00+00:00,13544.236979166666,14295.463541666666,16.666666666666668
2021-08-27 00:00:00+00:00,13209.127604166666,13960.5390625,14.9125
2021-08-28 00:00:00+00:00,10885.739583333334,11893.604166666666,14.825000000000001
2021-08-29 00:00:00+00:00,10627.346354166666,11467.940104166666,15.5625
2021-08-30 00:00:00+00:00,12860.213541666666,14414.729166666666,16.970833333333335
2021-08-31 00:00:00+00:00,13311.34375,14592.171875,16.504166666666666
2021-09-01 00:00:00+00:00,12897.106770833334,14368.9765625,16.091666666666665
2021-09-02 00:00:00+00:00,12791.263020833334,14130.955729166666,16.912499999999998
2021-09-03 00:00:00+00:00,13057.041666666666,13967.947916666666,17.791666666666668
2021-09-04 00:00:00+00:00,11274.247395833334,11837.1015625,18.633333333333333
2021-09-05 00:00:00+00:00,11046.140625,11179.463541666666,19.320833333333333
2021-09-06 00:00:00+00:00,12665.705729166666,13824.2109375,20.120833333333334
2021-09-07 00:00:00+00:00,12786.221354166666,14168.0078125,19.925
2021-09-08 00:00:00+00:00,13852.4453125,14333.346354166666,19.804166666666667
2021-09-09 00:00:00+00:00,13972.466145833334,14434.705729166666,20.641666666666666
2021-09-10 00:00:00+00:00,13454.4609375,14138.53125,19.683333333333334
2021-09-11 00:00:00+00:00,12347.690104166666,11960.401041666666,18.45
2021-09-12 00:00:00+00:00,11952.408854166666,11433.161458333334,17.875
2021-09-13 00:00:00+00:00,13368.669270833334,13990.6484375,17.691666666666666
2021-09-14 00:00:00+00:00,13776.380208333334,14367.638020833334,20.345833333333335
2021-09-15 00:00:00+00:00,13552.018229166666,14813.330729166666,19.575
2021-09-16 00:00:00+00:00,15093.645833333334,14768.635416666666,17.054166666666667
2021-09-17 00:00:00+00:00,13268.651041666666,14208.471354166666,15.362499999999999
2021-09-18 00:00:00+00:00,12040.026041666666,12145.958333333334,16.433333333333334
2021-09-19 00:00:00+00:00,11684.609375,11342.869791666666,15.033333333333333
2021-09-20 00:00:00+00:00,12335.59375,14060.770833333334,13.9125
2021-09-21 00:00:00+00:00,13747.911458333334,14496.721354166666,13.141666666666666
2021-09-22 00:00:00+00:00,14088.197916666666,14521.174479166666,13.608333333333334
2021-09-23 00:00:00+00:00,15975.1875,15113.359375,14.983333333333334
2021-09-24 00:00:00+00:00,14655.911458333334,14765.283854166666,17.05
2021-09-25 00:00:00+00:00,11717.796875,12305.015625,16.291666666666668
2021-09-26 00:00:00+00:00,11113.53125,11657.171875,17.558333333333334
2021-09-27 00:00:00+00:00,13602.265625,14601.026041666666,17.5
2021-09-28 00:00:00+00:00,13000.3359375,14532.614583333334,13.770833333333334
2021-09-29 00:00:00+00:00,14860.3125,15066.6953125,12.579166666666666
2021-09-30 00:00:00+00:00,15787.518229166666,15071.697916666666,10.654166666666667
2021-10-01 00:00:00+00:00,15075.255208333334,14818.192708333334,12.320833333333333
2021-10-02 00:00:00+00:00,12363.2734375,12594.885416666666,16.141666666666666
2021-10-03 00:00:00+00:00,13000.481770833334,12424.315104166666,18.433333333333334
2021-10-04 00:00:00+00:00,12981.864583333334,14594.489583333334,13.095833333333333
2021-10-05 00:00:00+00:00,13195.421875,15087.643229166666,12.9125
2021-10-06 00:00:00+00:00,13233.3515625,14991.1796875,11.262500000000001
2021-10-07 00:00:00+00:00,12491.299479166666,14732.1015625,11.508333333333333
2021-10-08 00:00:00+00:00,13139.934895833334,14396.4765625,12.066666666666668
2021-10-09 00:00:00+00:00,12388.71875,12468.9453125,10.7125
2021-10-10 00:00:00+00:00,11361.950520833334,11983.557291666666,9.091666666666667
2021-10-11 00:00:00+00:00,14516.7734375,15180.4140625,7.5
2021-10-12 00:00:00+00:00,14843.671875,15635.010416666666,9.741666666666667
2021-10-13 00:00:00+00:00,14418.143229166666,15464.067708333334,7.8125
2021-10-14 00:00:00+00:00,15486.7265625,15794.0859375,9.4
2021-10-15 00:00:00+00:00,15508.5546875,15544.580729166666,9.295833333333333
2021-10-16 00:00:00+00:00,12735.1328125,13180.65625,7.895833333333333
2021-10-17 00:00:00+00:00,12143.921875,12363.8671875,9.0625
2021-10-18 00:00:00+00:00,13921.869791666666,15030.0390625,7.8999999999999995
2021-10-19 00:00:00+00:00,15465.734375,15746.669270833334,10.616666666666667
2021-10-20 00:00:00+00:00,16654.807291666668,16044.6953125,14.508333333333333
2021-10-21 00:00:00+00:00,16760.6328125,16197.526041666666,11.729166666666666
2021-10-22 00:00:00+00:00,16539.869791666668,15858.0546875,7.833333333333333
2021-10-23 00:00:00+00:00,13161.190104166666,13260.403645833334,7.6625000000000005
2021-10-24 00:00:00+00:00,12727.557291666666,12477.484375,6.454166666666667
2021-10-25 00:00:00+00:00,14669.088541666666,15408.8203125,6.704166666666667
2021-10-26 00:00:00+00:00,14988.036458333334,15831.588541666666,10.091666666666667
2021-10-27 00:00:00+00:00,15266.875,15961.231770833334,10.245833333333334
2021-10-28 00:00:00+00:00,14769.786458333334,15712.783854166666,6.958333333333333
2021-10-29 00:00:00+00:00,14835.34375,15370.015625,6.875
2021-10-30 00:00:00+00:00,13108.6328125,13241.036458333334,7.579166666666667
2021-10-31 00:00:00+00:00,12173.565104166666,12298.265625,13.870833333333332
2021-11-01 00:00:00+00:00,12646.596354166666,13557.442708333334,10.516666666666667
2021-11-02 00:00:00+00:00,13162.03125,15097.533854166666,7.245833333333334
2021-11-03 00:00:00+00:00,13303.1796875,15388.578125,7.058333333333334
2021-11-04 00:00:00+00:00,14909.265625,16228.34375,6.916666666666667
2021-11-05 00:00:00+00:00,15239.341145833334,15999.088541666666,6.041666666666667
2021-11-06 00:00:00+00:00,14561.950520833334,13858.953125,5.208333333333333
2021-11-07 00:00:00+00:00,14932.489583333334,13312.5234375,6.325
2021-11-08 00:00:00+00:00,14520.479166666666,15644.015625,5.75
2021-11-09 00:00:00+00:00,15862.661458333334,16161.315104166666,4.941666666666667
2021-11-10 00:00:00+00:00,14557.640625,16244.927083333334,2.4250000000000003
2021-11-11 00:00:00+00:00,13974.411458333334,15606.125,1.8583333333333334
2021-11-12 00:00:00+00:00,14907.661458333334,15439.822916666666,2.441666666666667
2021-11-13 00:00:00+00:00,12804.1171875,13648.0546875,4.483333333333333
2021-11-14 00:00:00+00:00,12310.6328125,12256.721354166666,7.4875
2021-11-15 00:00:00+00:00,13979.958333333334,15246.75,7.641666666666667
2021-11-16 00:00:00+00:00,13232.46875,15476.703125,5.845833333333334
2021-11-17 00:00:00+00:00,15882.9765625,15862.53125,6.2625
2021-11-18 00:00:00+00:00,17157.848958333332,16088.083333333334,5.7625
2021-11-19 00:00:00+00:00,16606.34375,15679.21875,7.0249999999999995
2021-11-20 00:00:00+00:00,14392.513020833334,13971.049479166666,7.516666666666667
2021-11-21 00:00:00+00:00,13391.393229166666,13258.1953125,5.625
2021-11-22 00:00:00+00:00,14894.247395833334,16123.239583333334,4.329166666666667
2021-11-23 00:00:00+00:00,15372.3046875,16238.9140625,1.0
2021-11-24 00:00:00+00:00,15466.807291666666,16124.53125,1.0374999999999999
2021-11-25 00:00:00+00:00,15831.703125,16670.677083333332,1.1583333333333334
2021-11-26 00:00:00+00:00,16298.143229166666,16415.96875,2.558333333333333
2021-11-27 00:00:00+00:00,14307.393229166666,14242.825520833334,2.7583333333333333
2021-11-28 00:00:00+00:00,12933.018229166666,13438.744791666666,1.3958333333333333
2021-11-29 00:00:00+00:00,15320.770833333334,16542.947916666668,1.3458333333333332
2021-11-30 00:00:00+00:00,18215.463541666668,17508.997395833332,3.9916666666666667
2021-12-01 00:00:00+00:00,18370.0390625,17316.677083333332,6.233333333333333
2021-12-02 00:00:00+00:00,16327.763020833334,17337.627604166668,2.9
2021-12-03 00:00:00+00:00,17459.026041666668,17356.341145833332,0.425
2021-12-04 00:00:00+00:00,13213.458333333334,14551.309895833334,2.6083333333333334
2021-12-05 00:00:00+00:00,13349.640625,13729.481770833334,2.370833333333333
2021-12-06 00:00:00+00:00,15298.911458333334,16587.315104166668,0.7958333333333334
2021-12-07 00:00:00+00:00,17058.916666666668,17107.192708333332,2.904166666666667
2021-12-08 00:00:00+00:00,16671.223958333332,17233.119791666668,3.6333333333333333
2021-12-09 00:00:00+00:00,15395.130208333334,16705.231770833332,2.1166666666666667
2021-12-10 00:00:00+00:00,14309.158854166666,16352.877604166666,1.8416666666666668
2021-12-11 00:00:00+00:00,13242.666666666666,14364.518229166666,2.254166666666667
2021-12-12 00:00:00+00:00,13996.9921875,13752.3671875,3.341666666666667
2021-12-13 00:00:00+00:00,14819.122395833334,16070.635416666666,5.6000000000000005
2021-12-14 00:00:00+00:00,14684.59375,16364.580729166666,5.008333333333334
2021-12-15 00:00:00+00:00,15459.466145833334,16468.427083333332,5.408333333333334
2021-12-16 00:00:00+00:00,14093.596354166666,16247.34375,6.2375
2021-12-17 00:00:00+00:00,13627.919270833334,15721.138020833334,6.095833333333334
2021-12-18 00:00:00+00:00,13573.432291666666,14265.875,3.016666666666667
2021-12-19 00:00:00+00:00,14565.315104166666,13629.002604166666,4.9624999999999995
2021-12-20 00:00:00+00:00,14442.776041666666,15513.286458333334,2.0708333333333333
2021-12-21 00:00:00+00:00,14408.598958333334,15500.421875,-2.545833333333333
2021-12-22 00:00:00+00:00,14978.872395833334,15623.528645833334,-3.6750000000000003
2021-12-23 00:00:00+00:00,15403.208333333334,15093.174479166666,-0.46249999999999997
2021-12-24 00:00:00+00:00,13634.989583333334,12998.354166666666,6.291666666666667
2021-12-25 00:00:00+00:00,11255.1328125,12094.4609375,2.0749999999999997
2021-12-26 00:00:00+00:00,12830.596354166666,12406.794270833334,1.0041666666666667
2021-12-27 00:00:00+00:00,13714.177083333334,14018.3203125,5.354166666666667
2021-12-28 00:00:00+00:00,14143.552083333334,13980.403645833334,8.541666666666666
2021-12-29 00:00:00+00:00,13223.622395833334,13158.182291666666,9.170833333333333
2021-12-30 00:00:00+00:00,14572.231770833334,13501.28125,12.424999999999999
2021-12-31 00:00:00+00:00,13716.934895833334,12582.434895833334,10.966666666666667
2022-01-01 00:00:00+00:00,10449.552083333334,11174.677083333334,9.908333333333333
2022-01-02 00:00:00+00:00,12576.921875,12295.8046875,8.237499999999999
2022-01-03 00:00:00+00:00,15597.809895833334,15068.072916666666,9.183333333333334
2022-01-04 00:00:00+00:00,14703.8046875,15430.005208333334,7.279166666666666
2022-01-05 00:00:00+00:00,17165.7109375,16271.356770833334,3.908333333333333
2022-01-06 00:00:00+00:00,14281.9765625,15298.140625,1.8916666666666666
2022-01-07 00:00:00+00:00,16446.578125,16034.557291666666,1.4666666666666668
2022-01-08 00:00:00+00:00,15102.783854166666,14431.716145833334,2.1625
2022-01-09 00:00:00+00:00,13787.6875,13653.53125,3.125
2022-01-10 00:00:00+00:00,12596.153645833334,16068.2578125,-0.07083333333333332
2022-01-11 00:00:00+00:00,14009.611979166666,16450.59375,0.7416666666666667
2022-01-12 00:00:00+00:00,14367.875,16581.177083333332,1.0541666666666667
2022-01-13 00:00:00+00:00,16827.973958333332,17078.5546875,0.13333333333333333
2022-01-14 00:00:00+00:00,16068.53125,16664.635416666668,-0.9583333333333334
2022-01-15 00:00:00+00:00,12378.359375,14061.171875,0.8875000000000001
2022-01-16 00:00:00+00:00,14409.403645833334,14044.815104166666,1.4749999999999999
2022-01-17 00:00:00+00:00,17178.518229166668,16920.794270833332,4.2749999999999995
2022-01-18 00:00:00+00:00,14861.1875,16441.25,3.529166666666667
2022-01-19 00:00:00+00:00,17403.3359375,17177.799479166668,2.245833333333333
2022-01-20 00:00:00+00:00,17901.6015625,17426.932291666668,2.6
2022-01-21 00:00:00+00:00,17108.973958333332,17099.078125,1.9333333333333333
2022-01-22 00:00:00+00:00,13872.424479166666,14293.40625,4.754166666666666
2022-01-23 00:00:00+00:00,12501.520833333334,13226.674479166666,4.5375000000000005
2022-01-24 00:00:00+00:00,13724.364583333334,16174.403645833334,2.5708333333333333
2022-01-25 00:00:00+00:00,14091.8515625,16638.940104166668,-0.3833333333333333
2022-01-26 00:00:00+00:00,16539.934895833332,17115.192708333332,1.2375
2022-01-27 00:00:00+00:00,17939.5,17293.059895833332,2.095833333333333
2022-01-28 00:00:00+00:00,16491.9765625,16789.369791666668,4.283333333333333
2022-01-29 00:00:00+00:00,16295.369791666666,14707.927083333334,5.2625
2022-01-30 00:00:00+00:00,15107.322916666666,13455.763020833334,4.320833333333334
2022-01-31 00:00:00+00:00,15055.630208333334,16919.606770833332,3.625
2022-02-01 00:00:00+00:00,17432.994791666668,17359.143229166668,4.258333333333334
2022-02-02 00:00:00+00:00,16953.9921875,16766.153645833332,6.425
2022-02-03 00:00:00+00:00,15420.0625,16571.432291666668,6.429166666666667
2022-02-04 00:00:00+00:00,16485.265625,16445.645833333332,5.9624999999999995
2022-02-05 00:00:00+00:00,15981.856770833334,14532.71875,3.1458333333333335
2022-02-06 00:00:00+00:00,15365.791666666666,14041.536458333334,5.491666666666667
2022-02-07 00:00:00+00:00,16997.559895833332,16606.651041666668,3.9499999999999997
2022-02-08 00:00:00+00:00,17334.953125,16912.783854166668,5.333333333333333
2022-02-09 00:00:00+00:00,16309.5,16520.510416666668,7.395833333333333
2022-02-10 00:00:00+00:00,15275.575520833334,16345.755208333334,5.15
2022-02-11 00:00:00+00:00,15528.8828125,16469.4453125,2.4875000000000003
2022-02-12 00:00:00+00:00,14778.059895833334,14310.635416666666,0.2625
2022-02-13 00:00:00+00:00,15156.7578125,13541.4921875,1.8458333333333334
2022-02-14 00:00:00+00:00,17157.7890625,16374.9609375,6.879166666666666
2022-02-15 00:00:00+00:00,16749.799479166668,16672.9921875,6.0125
2022-02-16 00:00:00+00:00,17971.229166666668,16754.674479166668,8.5625
2022-02-17 00:00:00+00:00,17492.7734375,16550.372395833332,9.979166666666666
2022-02-18 00:00:00+00:00,16119.177083333334,15997.666666666666,8.833333333333334
2022-02-19 00:00:00+00:00,15833.421875,14162.205729166666,5.845833333333334
2022-02-20 00:00:00+00:00,15187.510416666666,13425.9140625,7.854166666666667
2022-02-21 00:00:00+00:00,17671.885416666668,16481.244791666668,6.441666666666666
2022-02-22 00:00:00+00:00,17687.708333333332,16590.096354166668,6.5625
2022-02-23 00:00:00+00:00,17207.075520833332,16213.580729166666,5.7
2022-02-24 00:00:00+00:00,17657.6953125,16645.854166666668,6.583333333333333
2022-02-25 00:00:00+00:00,17743.5546875,16449.4765625,2.670833333333333
2022-02-26 00:00:00+00:00,12873.8984375,13524.552083333334,2.5458333333333334
2022-02-27 00:00:00+00:00,13707.294270833334,12953.291666666666,2.4375
2022-02-28 00:00:00+00:00,15444.151041666666,15587.4140625,1.9291666666666665
2022-03-01 00:00:00+00:00,14604.067708333334,16029.721354166666,1.4875
2022-03-02 00:00:00+00:00,13391.893229166666,15861.361979166666,1.5208333333333333
2022-03-03 00:00:00+00:00,14238.4453125,15828.140625,2.0208333333333335
2022-03-04 00:00:00+00:00,14147.932291666666,15759.125,1.4666666666666668
2022-03-05 00:00:00+00:00,13178.21875,13699.450520833334,1.3083333333333333
2022-03-06 00:00:00+00:00,12102.161458333334,12928.354166666666,1.5291666666666668
2022-03-07 00:00:00+00:00,14122.221354166666,15624.338541666666,0.3999999999999999
2022-03-08 00:00:00+00:00,14809.208333333334,15751.1640625,1.7666666666666666
2022-03-09 00:00:00+00:00,14355.614583333334,15576.1328125,2.1333333333333333
2022-03-10 00:00:00+00:00,16139.203125,15684.138020833334,4.6875
2022-03-11 00:00:00+00:00,17325.830729166668,15785.7109375,4.983333333333333
2022-03-12 00:00:00+00:00,14532.010416666666,13481.005208333334,6.158333333333334
2022-03-13 00:00:00+00:00,13675.6484375,12590.434895833334,6.041666666666667
2022-03-14 00:00:00+00:00,14417.419270833334,15345.815104166666,7.654166666666666
2022-03-15 00:00:00+00:00,12839.2421875,15503.841145833334,4.991666666666666
2022-03-16 00:00:00+00:00,14889.796875,15543.7421875,6.433333333333334
2022-03-17 00:00:00+00:00,14866.177083333334,15792.239583333334,7.995833333333334
2022-03-18 00:00:00+00:00,14052.1875,15195.598958333334,7.4875
2022-03-19 00:00:00+00:00,14620.471354166666,13456.765625,6.458333333333333
2022-03-20 00:00:00+00:00,14584.559895833334,12759.864583333334,8.441666666666666
2022-03-21 00:00:00+00:00,14656.083333333334,15062.440104166666,8.391666666666667
2022-03-22 00:00:00+00:00,13702.205729166666,15002.075520833334,7.295833333333333
2022-03-23 00:00:00+00:00,13707.1640625,14925.041666666666,8.0625
2022-03-24 00:00:00+00:00,13523.385416666666,14838.4296875,8.762500000000001
2022-03-25 00:00:00+00:00,13461.286458333334,14653.119791666666,9.9
2022-03-26 00:00:00+00:00,13163.2578125,12765.739583333334,10.458333333333334
2022-03-27 00:00:00+00:00,11680.229166666666,11818.588541666666,11.570833333333333
2022-03-28 00:00:00+00:00,13996.986979166666,14810.567708333334,12.416666666666666
2022-03-29 00:00:00+00:00,13818.760416666666,15027.635416666666,11.0375
2022-03-30 00:00:00+00:00,13268.6484375,15146.346354166666,8.341666666666667
2022-03-31 00:00:00+00:00,15817.114583333334,15827.4140625,5.570833333333333
2022-04-01 00:00:00+00:00,16112.1171875,16362.1015625,2.004166666666667
2022-04-02 00:00:00+00:00,13641.703125,13823.846354166666,1.7583333333333335
2022-04-03 00:00:00+00:00,12802.533854166666,12707.815104166666,2.433333333333333
2022-04-04 00:00:00+00:00,17508.807291666668,16092.489583333334,3.3791666666666664
2022-04-05 00:00:00+00:00,15600.53125,15919.494791666666,7.979166666666667
2022-04-06 00:00:00+00:00,17202.6953125,15875.606770833334,10.799999999999999
2022-04-07 00:00:00+00:00,17865.341145833332,16109.7890625,10.458333333333334
2022-04-08 00:00:00+00:00,15473.888020833334,15459.567708333334,5.8374999999999995
2022-04-09 00:00:00+00:00,14906.2421875,13586.661458333334,5.579166666666667
2022-04-10 00:00:00+00:00,13124.463541666666,12642.807291666666,5.2749999999999995
2022-04-11 00:00:00+00:00,13760.395833333334,14679.770833333334,7.6000000000000005
2022-04-12 00:00:00+00:00,15568.216145833334,14816.216145833334,12.241666666666667
2022-04-13 00:00:00+00:00,13207.393229166666,14405.794270833334,15.016666666666666
2022-04-14 00:00:00+00:00,12494.2421875,14056.721354166666,14.229166666666666
2022-04-15 00:00:00+00:00,11095.611979166666,11656.028645833334,12.283333333333333
2022-04-16 00:00:00+00:00,11953.036458333334,11733.763020833334,9.816666666666666
2022-04-17 00:00:00+00:00,11022.731770833334,10770.809895833334,8.9375
2022-04-18 00:00:00+00:00,10924.7265625,10900.533854166666,10.3125
2022-04-19 00:00:00+00:00,13126.052083333334,13943.40625,11.016666666666666
2022-04-20 00:00:00+00:00,12840.5546875,14437.4765625,10.529166666666667
2022-04-21 00:00:00+00:00,12708.520833333334,14625.395833333334,11.291666666666666
2022-04-22 00:00:00+00:00,14726.1484375,14504.916666666666,12.725
2022-04-23 00:00:00+00:00,13818.854166666666,12531.9140625,12.950000000000001
2022-04-24 00:00:00+00:00,12513.96875,12075.8984375,11.316666666666668
2022-04-25 00:00:00+00:00,12377.9375,14423.263020833334,10.450000000000001
2022-04-26 00:00:00+00:00,12282.544270833334,14676.723958333334,8.612499999999999
2022-04-27 00:00:00+00:00,12511.1796875,14441.192708333334,11.5625
2022-04-28 00:00:00+00:00,12991.557291666666,14339.276041666666,12.991666666666667
2022-04-29 00:00:00+00:00,12563.229166666666,14047.393229166666,14.120833333333332
2022-04-30 00:00:00+00:00,10449.403645833334,12061.4375,10.133333333333333
2022-05-01 00:00:00+00:00,9457.7578125,10966.140625,12.370833333333332
2022-05-02 00:00:00+00:00,11325.145833333334,13990.653645833334,13.804166666666667
2022-05-03 00:00:00+00:00,12192.666666666666,14356.106770833334,15.450000000000001
2022-05-04 00:00:00+00:00,11446.760416666666,14283.572916666666,14.1625
2022-05-05 00:00:00+00:00,11265.28125,14411.6796875,14.708333333333334
2022-05-06 00:00:00+00:00,10884.893229166666,14100.09375,15.275
2022-05-07 00:00:00+00:00,9863.640625,12106.513020833334,15.9125
2022-05-08 00:00:00+00:00,9864.2734375,11188.3046875,16.566666666666666
2022-05-09 00:00:00+00:00,11730.815104166666,14185.127604166666,18.020833333333332
2022-05-10 00:00:00+00:00,13018.96875,14801.8984375,19.76666666666667
2022-05-11 00:00:00+00:00,13501.830729166666,14712.671875,23.083333333333332
2022-05-12 00:00:00+00:00,13131.690104166666,14617.606770833334,20.441666666666666
2022-05-13 00:00:00+00:00,12632.5546875,14442.010416666666,16.870833333333334
2022-05-14 00:00:00+00:00,11125.71875,12079.065104166666,17.587500000000002
2022-05-15 00:00:00+00:00,9717.71875,11150.0546875,19.895833333333332
2022-05-16 00:00:00+00:00,11920.177083333334,14388.984375,19.658333333333335
2022-05-17 00:00:00+00:00,11347.794270833334,14611.046875,18.979166666666668
2022-05-18 00:00:00+00:00,12300.734375,14713.270833333334,22.804166666666664
2022-05-19 00:00:00+00:00,11767.255208333334,14642.643229166666,21.90833333333333
2022-05-20 00:00:00+00:00,11677.252604166666,14375.911458333334,20.845833333333335
2022-05-21 00:00:00+00:00,12489.838541666666,12372.153645833334,16.383333333333333
2022-05-22 00:00:00+00:00,9715.091145833334,10954.4609375,17.629166666666666
2022-05-23 00:00:00+00:00,13414.182291666666,14301.028645833334,19.391666666666666
2022-05-24 00:00:00+00:00,12097.481770833334,14349.9765625,16.175
2022-05-25 00:00:00+00:00,12281.940104166666,13891.190104166666,16.2375
2022-05-26 00:00:00+00:00,12526.005208333334,11715.846354166666,17.92083333333333
2022-05-27 00:00:00+00:00,14008.369791666666,12957.356770833334,16.070833333333333
2022-05-28 00:00:00+00:00,12901.463541666666,11971.3671875,13.5
2022-05-29 00:00:00+00:00,10265.346354166666,11060.447916666666,12.041666666666666
2022-05-30 00:00:00+00:00,10486.473958333334,13851.9765625,12.629166666666668
2022-05-31 00:00:00+00:00,12128.919270833334,13993.90625,15.15
2022-06-01 00:00:00+00:00,12060.239583333334,13834.625,15.775
2022-06-02 00:00:00+00:00,12337.135416666666,13944.5546875,16.054166666666667
2022-06-03 00:00:00+00:00,11569.666666666666,13649.190104166666,20.712500000000002
2022-06-04 00:00:00+00:00,10286.3046875,11388.140625,20.912499999999998
2022-06-05 00:00:00+00:00,11306.34375,10533.622395833334,18.8125
2022-06-06 00:00:00+00:00,12014.2421875,11010.700520833334,18.650000000000002
2022-06-07 00:00:00+00:00,12691.2421875,13683.268229166666,17.825
2022-06-08 00:00:00+00:00,10831.0234375,13856.078125,16.733333333333334
2022-06-09 00:00:00+00:00,11218.1953125,14001.528645833334,15.924999999999999
2022-06-10 00:00:00+00:00,11639.557291666666,13594.276041666666,18.162499999999998
2022-06-11 00:00:00+00:00,10675.411458333334,11733.328125,20.791666666666668
2022-06-12 00:00:00+00:00,10733.6328125,11051.552083333334,21.216666666666665
2022-06-13 00:00:00+00:00,12759.0,13835.5234375,18.454166666666666
2022-06-14 00:00:00+00:00,11823.885416666666,13793.453125,18.900000000000002
2022-06-15 00:00:00+00:00,11559.875,13590.333333333334,23.083333333333332
2022-06-16 00:00:00+00:00,11471.294270833334,12105.236979166666,22.870833333333334
2022-06-17 00:00:00+00:00,11678.921875,12848.700520833334,22.666666666666668
2022-06-18 00:00:00+00:00,11541.2109375,11883.598958333334,27.516666666666666
2022-06-19 00:00:00+00:00,11087.4296875,11304.247395833334,27.8
2022-06-20 00:00:00+00:00,11651.174479166666,13751.348958333334,17.787499999999998
2022-06-21 00:00:00+00:00,12371.2265625,13960.419270833334,18.825
2022-06-22 00:00:00+00:00,11339.776041666666,13863.971354166666,22.329166666666666
2022-06-23 00:00:00+00:00,12858.908854166666,13932.0,24.52916666666667
2022-06-24 00:00:00+00:00,12185.677083333334,13953.497395833334,21.162499999999998
2022-06-25 00:00:00+00:00,10732.447916666666,11610.252604166666,20.95
2022-06-26 00:00:00+00:00,10284.348958333334,10925.653645833334,22.258333333333336
2022-06-27 00:00:00+00:00,11973.596354166666,13816.580729166666,19.962500000000002
2022-06-28 00:00:00+00:00,12071.510416666666,13766.2734375,19.841666666666665
2022-06-29 00:00:00+00:00,12415.341145833334,13907.041666666666,22.333333333333332
2022-06-30 00:00:00+00:00,14143.546875,14127.455729166666,24.141666666666666
2022-07-01 00:00:00+00:00,13263.361979166666,13692.958333333334,17.05
2022-07-02 00:00:00+00:00,12051.184895833334,11643.432291666666,19.925
2022-07-03 00:00:00+00:00,11552.75,11062.614583333334,22.2
2022-07-04 00:00:00+00:00,13423.611979166666,13665.729166666666,21.170833333333334
2022-07-05 00:00:00+00:00,13945.2265625,13974.0390625,21.104166666666668
2022-07-06 00:00:00+00:00,13762.190104166666,13899.5390625,18.791666666666668
2022-07-07 00:00:00+00:00,14131.46875,14402.322916666666,17.641666666666666
2022-07-08 00:00:00+00:00,13448.619791666666,13713.692708333334,18.474999999999998
2022-07-09 00:00:00+00:00,12398.208333333334,11798.270833333334,20.3625
2022-07-10 00:00:00+00:00,11872.640625,11198.111979166666,16.8875
2022-07-11 00:00:00+00:00,12360.635416666666,13312.661458333334,19.724999999999998
2022-07-12 00:00:00+00:00,13170.825520833334,13517.567708333334,21.5125
2022-07-13 00:00:00+00:00,14241.057291666666,14075.3515625,24.875
2022-07-14 00:00:00+00:00,13767.677083333334,13994.088541666666,23.2
2022-07-15 00:00:00+00:00,13367.3046875,13517.940104166666,19.216666666666665
2022-07-16 00:00:00+00:00,12564.8984375,11682.921875,19.591666666666665
2022-07-17 00:00:00+00:00,10693.765625,10681.59375,21.241666666666667
2022-07-18 00:00:00+00:00,12653.010416666666,13221.4765625,24.224999999999998
2022-07-19 00:00:00+00:00,14007.5234375,13786.4375,28.045833333333334
2022-07-20 00:00:00+00:00,14855.541666666666,14298.71875,28.379166666666666
2022-07-21 00:00:00+00:00,13897.244791666666,13887.888020833334,22.474999999999998
2022-07-22 00:00:00+00:00,13463.604166666666,13268.8515625,22.34583333333333
2022-07-23 00:00:00+00:00,11855.6640625,11354.026041666666,22.979166666666668
2022-07-24 00:00:00+00:00,11927.28125,10785.682291666666,24.8
2022-07-25 00:00:00+00:00,14324.041666666666,13948.828125,25.808333333333334
2022-07-26 00:00:00+00:00,14565.276041666666,13576.864583333334,21.787499999999998
2022-07-27 00:00:00+00:00,13746.4375,13337.072916666666,19.741666666666667
2022-07-28 00:00:00+00:00,12968.15625,13437.145833333334,21.733333333333334
2022-07-29 00:00:00+00:00,12757.7578125,13191.265625,21.8625
2022-07-30 00:00:00+00:00,10700.223958333334,11008.411458333334,22.004166666666666
2022-07-31 00:00:00+00:00,10617.653645833334,10567.171875,22.929166666666664
2022-08-01 00:00:00+00:00,11910.1796875,13073.802083333334,23.204166666666666
2022-08-02 00:00:00+00:00,12290.651041666666,13256.809895833334,23.641666666666666
2022-08-03 00:00:00+00:00,12379.325520833334,13437.177083333334,26.354166666666668
2022-08-04 00:00:00+00:00,12261.755208333334,13544.190104166666,28.97083333333333
2022-08-05 00:00:00+00:00,12136.6015625,13303.763020833334,23.083333333333332
2022-08-06 00:00:00+00:00,11407.015625,11303.338541666666,19.320833333333333
2022-08-07 00:00:00+00:00,10346.955729166666,10405.6171875,20.895833333333332
2022-08-08 00:00:00+00:00,11530.375,12824.114583333334,22.9375
2022-08-09 00:00:00+00:00,12047.526041666666,13108.6953125,24.516666666666666
2022-08-10 00:00:00+00:00,12183.979166666666,13166.231770833334,24.691666666666666
2022-08-11 00:00:00+00:00,12141.169270833334,13157.953125,24.900000000000002
2022-08-12 00:00:00+00:00,11906.638020833334,12856.802083333334,24.875
2022-08-13 00:00:00+00:00,10587.455729166666,11126.265625,25.0625
2022-08-14 00:00:00+00:00,11082.958333333334,10845.375,26.099999999999998
2022-08-15 00:00:00+00:00,10993.442708333334,12887.317708333334,22.47083333333333
2022-08-16 00:00:00+00:00,11427.2109375,13163.619791666666,22.458333333333332
2022-08-17 00:00:00+00:00,11026.143229166666,13343.473958333334,22.183333333333334
2022-08-18 00:00:00+00:00,10804.7578125,13448.6796875,22.066666666666666
2022-08-19 00:00:00+00:00,10058.041666666666,12990.450520833334,23.47083333333333
2022-08-20 00:00:00+00:00,9814.638020833334,10968.572916666666,21.849999999999998
2022-08-21 00:00:00+00:00,10452.388020833334,10310.510416666666,21.287499999999998
2022-08-22 00:00:00+00:00,11752.3359375,12911.796875,23.09583333333333
2022-08-23 00:00:00+00:00,12511.565104166666,13280.567708333334,23.8875
2022-08-24 00:00:00+00:00,12460.2109375,13298.630208333334,24.97083333333333
2022-08-25 00:00:00+00:00,13012.606770833334,13553.658854166666,25.1375
2022-08-26 00:00:00+00:00,11858.684895833334,13222.515625,23.979166666666668
2022-08-27 00:00:00+00:00,10712.145833333334,11204.8515625,21.058333333333334
2022-08-28 00:00:00+00:00,11608.380208333334,10639.763020833334,19.754166666666666
2022-08-29 00:00:00+00:00,11954.932291666666,12954.966145833334,19.120833333333334
2022-08-30 00:00:00+00:00,12612.098958333334,13232.265625,21.175
2022-08-31 00:00:00+00:00,13349.130208333334,13396.200520833334,20.345833333333335
2022-09-01 00:00:00+00:00,12643.005208333334,13243.0,19.595833333333335
2022-09-02 00:00:00+00:00,14131.625,13353.036458333334,19.070833333333333
2022-09-03 00:00:00+00:00,12583.8828125,11575.447916666666,17.791666666666668
2022-09-04 00:00:00+00:00,11665.0546875,10870.671875,19.420833333333334
2022-09-05 00:00:00+00:00,14140.856770833334,13764.3046875,20.566666666666666
2022-09-06 00:00:00+00:00,13901.713541666666,13891.197916666666,21.837500000000002
2022-09-07 00:00:00+00:00,12086.84375,13786.395833333334,20.966666666666665
2022-09-08 00:00:00+00:00,12425.0703125,13983.846354166666,18.283333333333335
2022-09-09 00:00:00+00:00,12142.203125,13331.294270833334,16.220833333333335
2022-09-10 00:00:00+00:00,10272.6953125,11261.604166666666,15.870833333333332
2022-09-11 00:00:00+00:00,9446.059895833334,10474.643229166666,17.125
2022-09-12 00:00:00+00:00,11790.3671875,13043.635416666666,16.829166666666666
2022-09-13 00:00:00+00:00,12892.674479166666,13752.731770833334,16.7
2022-09-14 00:00:00+00:00,11381.921875,13646.119791666666,17.745833333333334
2022-09-15 00:00:00+00:00,13529.158854166666,13958.973958333334,16.837500000000002
2022-09-16 00:00:00+00:00,14477.986979166666,13951.109375,13.508333333333333
2022-09-17 00:00:00+00:00,12893.783854166666,11952.234375,11.570833333333333
2022-09-18 00:00:00+00:00,12606.9296875,11329.864583333334,11.383333333333333
2022-09-19 00:00:00+00:00,13480.723958333334,13679.4140625,11.966666666666667
2022-09-20 00:00:00+00:00,11981.6953125,13460.643229166666,10.983333333333334
2022-09-21 00:00:00+00:00,11764.479166666666,13345.966145833334,10.816666666666668
2022-09-22 00:00:00+00:00,12251.294270833334,13361.1328125,10.854166666666666
2022-09-23 00:00:00+00:00,12368.143229166666,13185.9453125,11.616666666666667
2022-09-24 00:00:00+00:00,10372.104166666666,11465.541666666666,12.570833333333333
2022-09-25 00:00:00+00:00,9985.359375,10752.3515625,12.520833333333334
2022-09-26 00:00:00+00:00,13957.346354166666,14050.111979166666,10.779166666666667
2022-09-27 00:00:00+00:00,12794.106770833334,13858.411458333334,10.15
2022-09-28 00:00:00+00:00,11153.578125,13681.057291666666,9.820833333333333
2022-09-29 00:00:00+00:00,11297.0390625,13678.479166666666,9.0
2022-09-30 00:00:00+00:00,12455.268229166666,13462.864583333334,9.675
2022-10-01 00:00:00+00:00,13235.2578125,12366.010416666666,11.65
2022-10-02 00:00:00+00:00,12349.6328125,11322.005208333334,12.295833333333334
2022-10-03 00:00:00+00:00,11831.7890625,11203.734375,11.529166666666667
2022-10-04 00:00:00+00:00,12920.40625,13534.716145833334,10.454166666666667
2022-10-05 00:00:00+00:00,14556.752604166666,14262.9375,14.154166666666667
2022-10-06 00:00:00+00:00,14317.125,14105.786458333334,13.733333333333334
2022-10-07 00:00:00+00:00,13707.346354166666,13704.145833333334,11.329166666666666
2022-10-08 00:00:00+00:00,12719.817708333334,11959.71875,11.612499999999999
2022-10-09 00:00:00+00:00,11292.885416666666,11022.872395833334,9.820833333333335
2022-10-10 00:00:00+00:00,13836.361979166666,14019.861979166666,12.345833333333333
2022-10-11 00:00:00+00:00,12034.252604166666,13865.596354166666,10.933333333333332
2022-10-12 00:00:00+00:00,11856.270833333334,13715.080729166666,10.237499999999999
2022-10-13 00:00:00+00:00,12023.130208333334,13757.03125,10.75
2022-10-14 00:00:00+00:00,11484.354166666666,13530.388020833334,13.620833333333332
2022-10-15 00:00:00+00:00,10974.1796875,11764.486979166666,15.258333333333333
2022-10-16 00:00:00+00:00,11229.471354166666,11260.690104166666,16.125
2022-10-17 00:00:00+00:00,13034.9609375,13687.625,16.758333333333333
2022-10-18 00:00:00+00:00,11735.067708333334,14092.411458333334,15.387500000000001
2022-10-19 00:00:00+00:00,11243.4765625,13881.622395833334,12.954166666666666
2022-10-20 00:00:00+00:00,13663.791666666666,14281.296875,11.779166666666667
2022-10-21 00:00:00+00:00,10506.161458333334,13650.322916666666,14.5625
2022-10-22 00:00:00+00:00,9421.90625,11596.627604166666,14.383333333333333
2022-10-23 00:00:00+00:00,9728.481770833334,10937.325520833334,13.866666666666667
2022-10-24 00:00:00+00:00,13509.15625,14030.3125,15.116666666666667
2022-10-25 00:00:00+00:00,11761.03125,14002.440104166666,13.254166666666668
2022-10-26 00:00:00+00:00,10905.3828125,13867.578125,14.145833333333334
2022-10-27 00:00:00+00:00,11700.549479166666,13904.6875,13.820833333333333
2022-10-28 00:00:00+00:00,11663.333333333334,13633.1953125,16.166666666666668
2022-10-29 00:00:00+00:00,8478.739583333334,11553.151041666666,14.616666666666667
2022-10-30 00:00:00+00:00,8825.296875,10602.78125,14.316666666666668
2022-10-31 00:00:00+00:00,9919.182291666666,11902.002604166666,12.991666666666667
2022-11-01 00:00:00+00:00,12500.388020833334,12277.674479166666,13.008333333333333
2022-11-02 00:00:00+00:00,14035.6796875,14226.924479166666,10.5375
2022-11-03 00:00:00+00:00,13827.8515625,14613.833333333334,10.533333333333333
2022-11-04 00:00:00+00:00,12612.276041666666,13989.111979166666,9.341666666666667
2022-11-05 00:00:00+00:00,11177.973958333334,12165.734375,8.004166666666666
2022-11-06 00:00:00+00:00,12443.580729166666,11817.372395833334,8.1
2022-11-07 00:00:00+00:00,14312.34375,14499.716145833334,11.554166666666667
2022-11-08 00:00:00+00:00,14378.255208333334,14544.15625,11.229166666666666
2022-11-09 00:00:00+00:00,14473.1015625,14551.489583333334,11.983333333333334
2022-11-10 00:00:00+00:00,14351.091145833334,14626.669270833334,9.237499999999999
2022-11-11 00:00:00+00:00,13525.361979166666,14345.046875,6.1875
2022-11-12 00:00:00+00:00,10343.7265625,11977.786458333334,6.454166666666667
2022-11-13 00:00:00+00:00,11859.151041666666,11252.536458333334,5.929166666666667
2022-11-14 00:00:00+00:00,14630.721354166666,14290.841145833334,6.933333333333334
2022-11-15 00:00:00+00:00,14119.411458333334,14355.432291666666,10.183333333333334
2022-11-16 00:00:00+00:00,14651.145833333334,14771.255208333334,9.804166666666667
2022-11-17 00:00:00+00:00,15660.041666666666,14918.283854166666,9.658333333333333
2022-11-18 00:00:00+00:00,14404.052083333334,14550.190104166666,7.7625
2022-11-19 00:00:00+00:00,12072.994791666666,12555.848958333334,3.025
2022-11-20 00:00:00+00:00,11223.200520833334,11712.098958333334,3.3541666666666665
2022-11-21 00:00:00+00:00,13263.872395833334,14495.817708333334,6.216666666666666
2022-11-22 00:00:00+00:00,14908.447916666666,15082.71875,6.708333333333333
2022-11-23 00:00:00+00:00,14948.390625,14811.317708333334,7.0874999999999995
2022-11-24 00:00:00+00:00,13851.1484375,14717.041666666666,6.8500000000000005
2022-11-25 00:00:00+00:00,13700.481770833334,14374.020833333334,5.6625000000000005
2022-11-26 00:00:00+00:00,12375.890625,12230.869791666666,4.6125
2022-11-27 00:00:00+00:00,13032.3125,11917.9140625,4.3500000000000005
2022-11-28 00:00:00+00:00,14417.408854166666,15002.591145833334,4.895833333333333
2022-11-29 00:00:00+00:00,12779.015625,14864.067708333334,6.266666666666667
2022-11-30 00:00:00+00:00,13167.708333333334,14863.231770833334,6.791666666666667
2022-12-01 00:00:00+00:00,13299.046875,14979.71875,4.3625
2022-12-02 00:00:00+00:00,14420.6796875,15112.721354166666,1.9375
2022-12-03 00:00:00+00:00,13088.486979166666,13100.5078125,2.2
2022-12-04 00:00:00+00:00,12677.065104166666,12425.46875,2.4916666666666667
2022-12-05 00:00:00+00:00,13756.5625,15058.4140625,3.5541666666666667
2022-12-06 00:00:00+00:00,13388.401041666666,15041.286458333334,3.25
2022-12-07 00:00:00+00:00,15266.559895833334,15244.497395833334,3.0875
2022-12-08 00:00:00+00:00,13847.309895833334,15184.786458333334,1.7958333333333334
2022-12-09 00:00:00+00:00,12807.3203125,15008.033854166666,-0.85
2022-12-10 00:00:00+00:00,11712.0234375,13076.3984375,-1.1125
2022-12-11 00:00:00+00:00,11695.1171875,12667.919270833334,-1.7874999999999999
2022-12-12 00:00:00+00:00,13501.611979166666,15378.497395833334,-1.8916666666666666
2022-12-13 00:00:00+00:00,14816.5234375,15794.4765625,-4.4125000000000005
2022-12-14 00:00:00+00:00,14523.703125,15890.4921875,-3.6208333333333336
2022-12-15 00:00:00+00:00,14120.486979166666,15765.713541666666,-4.491666666666666
2022-12-16 00:00:00+00:00,12733.565104166666,15357.044270833334,-3.704166666666667
2022-12-17 00:00:00+00:00,12465.1953125,13798.2109375,-6.9624999999999995
2022-12-18 00:00:00+00:00,13615.25,13260.299479166666,-4.891666666666667
2022-12-19 00:00:00+00:00,15668.28125,15398.786458333334,0.2791666666666666
2022-12-20 00:00:00+00:00,15196.2421875,14911.432291666666,3.125
2022-12-21 00:00:00+00:00,13274.330729166666,14133.9453125,7.083333333333333
2022-12-22 00:00:00+00:00,13316.622395833334,13887.645833333334,8.737499999999999
2022-12-23 00:00:00+00:00,11632.833333333334,12715.299479166666,8.945833333333333
2022-12-24 00:00:00+00:00,11377.106770833334,10905.796875,8.733333333333333
2022-12-25 00:00:00+00:00,9603.700520833334,10461.572916666666,8.9
2022-12-26 00:00:00+00:00,12296.971354166666,10944.4921875,9.254166666666666
2022-12-27 00:00:00+00:00,13307.557291666666,12455.875,3.4458333333333333
2022-12-28 00:00:00+00:00,13649.861979166666,12592.653645833334,6.658333333333334
2022-12-29 00:00:00+00:00,13892.0,12311.291666666666,9.783333333333333
2022-12-30 00:00:00+00:00,13072.25,12106.778645833334,7.95
2022-12-31 00:00:00+00:00,12115.458333333334,11104.578125,14.375
2023-01-01 00:00:00+00:00,10684.1875,10267.916666666666,11.525
2023-01-02 00:00:00+00:00,13011.0,13026.4765625,10.395833333333334
2023-01-03 00:00:00+00:00,12553.869791666666,13500.611979166666,6.175
2023-01-04 00:00:00+00:00,16185.263020833334,14589.057291666666,8.483333333333333
2023-01-05 00:00:00+00:00,13734.528645833334,13879.065104166666,10.045833333333333
2023-01-06 00:00:00+00:00,13045.171875,13285.6484375,10.0
2023-01-07 00:00:00+00:00,11062.216145833334,12010.630208333334,8.5875
2023-01-08 00:00:00+00:00,11088.828125,11709.6015625,8.362499999999999
2023-01-09 00:00:00+00:00,13252.955729166666,14492.955729166666,6.595833333333334
2023-01-10 00:00:00+00:00,14475.7734375,15006.057291666666,4.929166666666666
2023-01-11 00:00:00+00:00,15349.153645833334,15253.479166666666,7.479166666666667
2023-01-12 00:00:00+00:00,16571.171875,15565.546875,8.479166666666666
2023-01-13 00:00:00+00:00,16036.638020833334,15136.080729166666,8.3125
2023-01-14 00:00:00+00:00,14476.130208333334,13213.822916666666,7.5249999999999995
2023-01-15 00:00:00+00:00,14477.721354166666,12749.015625,6.108333333333333
2023-01-16 00:00:00+00:00,15232.622395833334,15153.5078125,4.083333333333333
2023-01-17 00:00:00+00:00,15132.604166666666,15420.9140625,1.9708333333333332
2023-01-18 00:00:00+00:00,14007.864583333334,15301.020833333334,-0.10416666666666664
2023-01-19 00:00:00+00:00,15434.5390625,15654.057291666666,-0.42500000000000004
2023-01-20 00:00:00+00:00,12525.716145833334,15009.854166666666,-0.6625
2023-01-21 00:00:00+00:00,13380.096354166666,13494.28125,-0.6291666666666667
2023-01-22 00:00:00+00:00,12516.450520833334,12659.421875,1.7083333333333333
2023-01-23 00:00:00+00:00,12907.364583333334,14974.986979166666,1.8708333333333333
2023-01-24 00:00:00+00:00,12642.825520833334,14943.911458333334,2.1125000000000003
2023-01-25 00:00:00+00:00,13006.010416666666,15157.6875,1.3041666666666667
2023-01-26 00:00:00+00:00,13075.041666666666,15578.002604166666,-0.17500000000000002
2023-01-27 00:00:00+00:00,13276.791666666666,15230.2890625,2.2583333333333333
2023-01-28 00:00:00+00:00,11537.21875,13123.234375,0.2166666666666667
2023-01-29 00:00:00+00:00,12422.8984375,12761.1796875,-1.7458333333333333
2023-01-30 00:00:00+00:00,15531.971354166666,15604.479166666666,3.4499999999999997
2023-01-31 00:00:00+00:00,15580.372395833334,15474.533854166666,3.0666666666666664
2023-02-01 00:00:00+00:00,16867.231770833332,15547.760416666666,5.833333333333333
2023-02-02 00:00:00+00:00,15499.494791666666,15524.606770833334,7.379166666666666
2023-02-03 00:00:00+00:00,17169.341145833332,15355.111979166666,8.054166666666667
2023-02-04 00:00:00+00:00,11258.427083333334,12823.151041666666,5.745833333333334
2023-02-05 00:00:00+00:00,10972.145833333334,12331.270833333334,3.25
2023-02-06 00:00:00+00:00,12813.408854166666,14816.231770833334,2.7083333333333335
2023-02-07 00:00:00+00:00,14158.497395833334,15061.768229166666,-0.9916666666666667
2023-02-08 00:00:00+00:00,15375.067708333334,15299.494791666666,-1.6458333333333333
2023-02-09 00:00:00+00:00,16218.572916666666,15634.53125,-2.6791666666666667
2023-02-10 00:00:00+00:00,15993.270833333334,15294.893229166666,-0.45416666666666666
2023-02-11 00:00:00+00:00,14444.377604166666,13248.731770833334,3.233333333333333
2023-02-12 00:00:00+00:00,11564.125,11968.0078125,6.0625
2023-02-13 00:00:00+00:00,13462.002604166666,14481.229166666666,4.020833333333333
2023-02-14 00:00:00+00:00,13581.557291666666,14534.481770833334,0.9125
2023-02-15 00:00:00+00:00,14111.223958333334,14696.6328125,0.4666666666666666
2023-02-16 00:00:00+00:00,15576.4140625,14850.138020833334,2.8833333333333333
2023-02-17 00:00:00+00:00,16350.59375,14837.9921875,10.283333333333333
2023-02-18 00:00:00+00:00,13220.6484375,12734.234375,10.454166666666667
2023-02-19 00:00:00+00:00,11110.4765625,11767.575520833334,9.15
2023-02-20 00:00:00+00:00,16466.53125,14289.588541666666,7.191666666666666
2023-02-21 00:00:00+00:00,13911.96875,14426.072916666666,7.254166666666666
2023-02-22 00:00:00+00:00,13308.4296875,14317.8671875,6.020833333333333
2023-02-23 00:00:00+00:00,13403.888020833334,14424.0703125,8.891666666666667
2023-02-24 00:00:00+00:00,15367.020833333334,14576.78125,6.666666666666667
2023-02-25 00:00:00+00:00,13969.984375,13225.770833333334,3.216666666666667
2023-02-26 00:00:00+00:00,11632.6171875,12224.364583333334,-0.07916666666666665
2023-02-27 00:00:00+00:00,13871.216145833334,14385.981770833334,0.5083333333333333
2023-02-28 00:00:00+00:00,14077.848958333334,14569.903645833334,0.6375
2023-03-01 00:00:00+00:00,14209.986979166666,14563.380208333334,2.1416666666666666
2023-03-02 00:00:00+00:00,13965.3359375,14575.109375,4.166666666666667
2023-03-03 00:00:00+00:00,13843.705729166666,14426.489583333334,2.2958333333333334
2023-03-04 00:00:00+00:00,13421.778645833334,13042.161458333334,2.6875
2023-03-05 00:00:00+00:00,12174.981770833334,12008.7421875,3.5666666666666664
2023-03-06 00:00:00+00:00,14331.729166666666,14524.841145833334,3.1916666666666664
2023-03-07 00:00:00+00:00,16512.828125,15101.6640625,4.520833333333333
2023-03-08 00:00:00+00:00,13581.6171875,14570.940104166666,3.9625
2023-03-09 00:00:00+00:00,13315.684895833334,14258.2578125,9.920833333333333
2023-03-10 00:00:00+00:00,14671.005208333334,14442.627604166666,8.104166666666666
2023-03-11 00:00:00+00:00,12475.510416666666,12749.96875,2.2666666666666666
2023-03-12 00:00:00+00:00,11209.815104166666,11859.294270833334,3.6625
2023-03-13 00:00:00+00:00,15968.916666666666,14695.481770833334,12.225
2023-03-14 00:00:00+00:00,15597.333333333334,14822.3203125,8.008333333333333
2023-03-15 00:00:00+00:00,13933.380208333334,14793.033854166666,2.9583333333333335
2023-03-16 00:00:00+00:00,14668.231770833334,14551.5078125,4.066666666666666
2023-03-17 00:00:00+00:00,13249.408854166666,14218.104166666666,8.695833333333333
2023-03-18 00:00:00+00:00,9920.140625,11692.2109375,11.020833333333334
2023-03-19 00:00:00+00:00,9461.4765625,10920.8359375,9.35
2023-03-20 00:00:00+00:00,12213.283854166666,13717.0859375,8.700000000000001
2023-03-21 00:00:00+00:00,12766.283854166666,13995.221354166666,7.954166666666667
2023-03-22 00:00:00+00:00,14581.075520833334,14163.208333333334,11.358333333333334
2023-03-23 00:00:00+00:00,14117.747395833334,14278.859375,12.491666666666667
2023-03-24 00:00:00+00:00,14436.854166666666,13996.294270833334,12.1875
2023-03-25 00:00:00+00:00,13906.1328125,12017.739583333334,9.7875
2023-03-26 00:00:00+00:00,10184.716145833334,11413.096354166666,7.904166666666666
2023-03-27 00:00:00+00:00,14256.466145833334,14119.078125,4.179166666666666
2023-03-28 00:00:00+00:00,13055.3359375,14331.981770833334,4.3500000000000005
2023-03-29 00:00:00+00:00,12190.307291666666,14173.4296875,8.933333333333334
2023-03-30 00:00:00+00:00,14499.526041666666,14324.471354166666,12.4125
2023-03-31 00:00:00+00:00,11743.578125,13834.0078125,11.095833333333333
2023-04-01 00:00:00+00:00,12741.427083333334,12500.002604166666,9.795833333333333
2023-04-02 00:00:00+00:00,11377.677083333334,11624.697916666666,6.354166666666667
2023-04-03 00:00:00+00:00,12837.375,13797.471354166666,3.845833333333333
2023-04-04 00:00:00+00:00,12334.526041666666,13824.471354166666,2.8791666666666664
2023-04-05 00:00:00+00:00,12170.786458333334,13731.997395833334,2.9875000000000003
2023-04-06 00:00:00+00:00,12907.453125,13481.122395833334,6.104166666666667
2023-04-07 00:00:00+00:00,11138.619791666666,11267.010416666666,7.504166666666666
2023-04-08 00:00:00+00:00,8440.0625,10922.533854166666,7.370833333333334
2023-04-09 00:00:00+00:00,8452.309895833334,9676.09375,7.954166666666667
2023-04-10 00:00:00+00:00,12217.192708333334,10443.588541666666,10.604166666666666
2023-04-11 00:00:00+00:00,13031.625,13158.216145833334,10.237499999999999
2023-04-12 00:00:00+00:00,12388.268229166666,13751.356770833334,9.15
2023-04-13 00:00:00+00:00,12723.403645833334,13572.5703125,7.25
2023-04-14 00:00:00+00:00,10977.921875,13232.239583333334,7.391666666666667
2023-04-15 00:00:00+00:00,9762.208333333334,11724.591145833334,7.620833333333334
2023-04-16 00:00:00+00:00,8096.364583333333,10914.088541666666,9.333333333333334
2023-04-17 00:00:00+00:00,11052.713541666666,13487.427083333334,9.708333333333334
2023-04-18 00:00:00+00:00,12540.104166666666,13763.2265625,9.966666666666667
2023-04-19 00:00:00+00:00,13364.424479166666,13825.21875,9.575000000000001
2023-04-20 00:00:00+00:00,12550.109375,13920.046875,7.8
2023-04-21 00:00:00+00:00,13601.580729166666,13183.432291666666,10.795833333333334
2023-04-22 00:00:00+00:00,11131.354166666666,11073.520833333334,14.200000000000001
2023-04-23 00:00:00+00:00,8645.473958333334,10313.033854166666,13.879166666666668
2023-04-24 00:00:00+00:00,13253.971354166666,13508.947916666666,10.4625
2023-04-25 00:00:00+00:00,13200.302083333334,13834.541666666666,7.9125000000000005
2023-04-26 00:00:00+00:00,12198.520833333334,13664.947916666666,6.825
2023-04-27 00:00:00+00:00,10313.723958333334,13458.8203125,9.4125
2023-04-28 00:00:00+00:00,10211.799479166666,13210.075520833334,12.483333333333334
2023-04-29 00:00:00+00:00,9362.0234375,11368.4453125,12.2125
2023-04-30 00:00:00+00:00,8630.390625,10123.627604166666,12.229166666666666
2023-05-01 00:00:00+00:00,8216.854166666666,10326.166666666666,12.950000000000001
2023-05-02 00:00:00+00:00,10658.770833333334,13314.375,11.991666666666667
2023-05-03 00:00:00+00:00,9960.018229166666,13289.518229166666,10.291666666666666
2023-05-04 00:00:00+00:00,11202.455729166666,13376.5703125,13.804166666666667
2023-05-05 00:00:00+00:00,12255.484375,13587.966145833334,15.891666666666666
2023-05-06 00:00:00+00:00,9472.239583333334,11502.171875,15.033333333333333
2023-05-07 00:00:00+00:00,10630.981770833334,10780.494791666666,16.599999999999998
2023-05-08 00:00:00+00:00,11519.9453125,13399.21875,14.591666666666667
2023-05-09 00:00:00+00:00,12599.552083333334,13700.651041666666,15.266666666666666
2023-05-10 00:00:00+00:00,10388.234375,13748.809895833334,14.033333333333333
2023-05-11 00:00:00+00:00,9900.1953125,13626.231770833334,12.270833333333334
2023-05-12 00:00:00+00:00,10734.846354166666,13274.138020833334,13.679166666666667
2023-05-13 00:00:00+00:00,8821.119791666666,11118.395833333334,13.9
2023-05-14 00:00:00+00:00,7550.8046875,10263.958333333334,14.183333333333332
2023-05-15 00:00:00+00:00,10270.322916666666,13049.3828125,14.483333333333334
2023-05-16 00:00:00+00:00,12465.557291666666,13623.026041666666,11.504166666666668
2023-05-17 00:00:00+00:00,11536.346354166666,13371.8671875,10.737499999999999
2023-05-18 00:00:00+00:00,8640.984375,10322.434895833334,11.5625
2023-05-19 00:00:00+00:00,9436.169270833334,11489.447916666666,13.7125
2023-05-20 00:00:00+00:00,9926.815104166666,10841.505208333334,15.762500000000001
2023-05-21 00:00:00+00:00,9450.059895833334,10399.278645833334,19.95
2023-05-22 00:00:00+00:00,10751.322916666666,13013.442708333334,19.770833333333332
2023-05-23 00:00:00+00:00,11886.526041666666,13396.536458333334,15.8375
2023-05-24 00:00:00+00:00,9758.393229166666,13096.807291666666,11.533333333333333
2023-05-25 00:00:00+00:00,10534.03125,13086.380208333334,14.179166666666667
2023-05-26 00:00:00+00:00,10447.752604166666,12717.3515625,15.604166666666666
2023-05-27 00:00:00+00:00,8548.700520833334,10307.098958333334,16.474999999999998
2023-05-28 00:00:00+00:00,8342.653645833334,9382.744791666666,17.933333333333334
2023-05-29 00:00:00+00:00,9298.083333333334,9688.0078125,18.599999999999998
2023-05-30 00:00:00+00:00,9730.973958333334,12394.294270833334,17.154166666666665
2023-05-31 00:00:00+00:00,10533.390625,12952.692708333334,19.504166666666666
2023-06-01 00:00:00+00:00,10978.359375,13163.1875,19.6
2023-06-02 00:00:00+00:00,9712.924479166666,12658.776041666666,15.779166666666667
2023-06-03 00:00:00+00:00,9028.263020833334,10551.9921875,17.958333333333332
2023-06-04 00:00:00+00:00,8138.03125,9927.971354166666,18.629166666666666
2023-06-05 00:00:00+00:00,9473.5625,12548.872395833334,20.0625
2023-06-06 00:00:00+00:00,9329.197916666666,12903.84375,20.091666666666665
2023-06-07 00:00:00+00:00,9698.533854166666,12779.244791666666,19.483333333333334
2023-06-08 00:00:00+00:00,8907.158854166666,11127.3125,20.379166666666666
2023-06-09 00:00:00+00:00,10360.5234375,11944.981770833334,22.099999999999998
2023-06-10 00:00:00+00:00,10417.677083333334,11032.546875,23.295833333333334
2023-06-11 00:00:00+00:00,10478.809895833334,10482.622395833334,23.71666666666667
2023-06-12 00:00:00+00:00,11594.078125,13192.872395833334,22.71666666666667
2023-06-13 00:00:00+00:00,11880.151041666666,13303.567708333334,21.3625
2023-06-14 00:00:00+00:00,10989.981770833334,13153.916666666666,20.083333333333332
2023-06-15 00:00:00+00:00,10483.065104166666,13090.177083333334,20.45
2023-06-16 00:00:00+00:00,10538.5078125,12901.515625,20.433333333333334
2023-06-17 00:00:00+00:00,7972.934895833333,10871.630208333334,21.5125
2023-06-18 00:00:00+00:00,8193.390625,10330.0546875,23.962500000000002
2023-06-19 00:00:00+00:00,11179.458333333334,13129.34375,24.320833333333336
2023-06-20 00:00:00+00:00,11570.395833333334,13528.731770833334,24.662499999999998
2023-06-21 00:00:00+00:00,11653.4765625,13655.526041666666,23.84583333333333
2023-06-22 00:00:00+00:00,12189.697916666666,13445.005208333334,24.825
2023-06-23 00:00:00+00:00,10694.674479166666,12929.361979166666,21.504166666666666
2023-06-24 00:00:00+00:00,8185.856770833333,10750.877604166666,22.070833333333336
2023-06-25 00:00:00+00:00,7943.770833333333,10183.2265625,24.479166666666668
2023-06-26 00:00:00+00:00,12156.401041666666,13260.544270833334,23.054166666666664
2023-06-27 00:00:00+00:00,11776.440104166666,13384.072916666666,20.170833333333334
2023-06-28 00:00:00+00:00,10874.809895833334,13199.184895833334,20.158333333333335
2023-06-29 00:00:00+00:00,10480.442708333334,13277.213541666666,21.870833333333334
2023-06-30 00:00:00+00:00,9045.572916666666,12871.893229166666,19.808333333333334
2023-07-01 00:00:00+00:00,10296.692708333334,11024.6171875,18.029166666666665
2023-07-02 00:00:00+00:00,11251.736979166666,10551.208333333334,18.891666666666666
2023-07-03 00:00:00+00:00,12783.190104166666,13255.21875,19.254166666666666
2023-07-04 00:00:00+00:00,12327.9609375,13412.7109375,20.483333333333334
2023-07-05 00:00:00+00:00,13878.263020833334,13477.109375,18.483333333333334
2023-07-06 00:00:00+00:00,10686.880208333334,13011.544270833334,19.016666666666666
2023-07-07 00:00:00+00:00,9847.302083333334,12668.799479166666,22.40416666666667
2023-07-08 00:00:00+00:00,9532.877604166666,10899.2265625,25.608333333333334
2023-07-09 00:00:00+00:00,8993.927083333334,10502.205729166666,27.054166666666664
2023-07-10 00:00:00+00:00,10400.4765625,13150.559895833334,24.8125
2023-07-11 00:00:00+00:00,11173.153645833334,13342.484375,26.075
2023-07-12 00:00:00+00:00,11913.734375,13344.177083333334,23.599999999999998
2023-07-13 00:00:00+00:00,11141.0390625,13153.205729166666,21.029166666666665
2023-07-14 00:00:00+00:00,9542.604166666666,12723.5234375,21.8
2023-07-15 00:00:00+00:00,10736.609375,11274.989583333334,23.5625
2023-07-16 00:00:00+00:00,10751.252604166666,10299.864583333334,21.525000000000002
2023-07-17 00:00:00+00:00,11754.708333333334,12907.489583333334,20.979166666666668
2023-07-18 00:00:00+00:00,10257.018229166666,12989.346354166666,21.145833333333332
2023-07-19 00:00:00+00:00,10043.9296875,12867.997395833334,22.3125
2023-07-20 00:00:00+00:00,10534.877604166666,12890.138020833334,20.608333333333334
2023-07-21 00:00:00+00:00,8993.645833333334,12410.848958333334,18.7
2023-07-22 00:00:00+00:00,8660.736979166666,10498.536458333334,19.8
2023-07-23 00:00:00+00:00,10588.692708333334,10277.9453125,21.366666666666664
2023-07-24 00:00:00+00:00,10320.0,12784.0,20.587500000000002
2023-07-25 00:00:00+00:00,9489.028645833334,12748.791666666666,16.654166666666665
2023-07-26 00:00:00+00:00,9811.515625,12671.088541666666,15.841666666666667
2023-07-27 00:00:00+00:00,9084.888020833334,12786.0625,16.554166666666667
2023-07-28 00:00:00+00:00,8823.888020833334,12510.768229166666,18.995833333333334
2023-07-29 00:00:00+00:00,8106.557291666667,10630.3203125,20.325
2023-07-30 00:00:00+00:00,9774.033854166666,10027.325520833334,19.020833333333332
2023-07-31 00:00:00+00:00,10608.59375,12678.513020833334,18.85
2023-08-01 00:00:00+00:00,10802.197916666666,12775.098958333334,18.479166666666668
2023-08-02 00:00:00+00:00,10489.4375,13023.53125,17.979166666666668
2023-08-03 00:00:00+00:00,12491.7421875,12931.520833333334,17.841666666666665
2023-08-04 00:00:00+00:00,8287.263020833334,12324.526041666666,16.883333333333333
2023-08-05 00:00:00+00:00,6663.338541666667,10369.020833333334,17.25
2023-08-06 00:00:00+00:00,7694.411458333333,10200.661458333334,15.137500000000001
2023-08-07 00:00:00+00:00,13013.53125,12666.572916666666,14.700000000000001
2023-08-08 00:00:00+00:00,12880.0859375,12729.549479166666,16.020833333333332
2023-08-09 00:00:00+00:00,9945.614583333334,12759.830729166666,17.120833333333334
2023-08-10 00:00:00+00:00,9056.127604166666,12586.166666666666,18.14166666666667
2023-08-11 00:00:00+00:00,8924.645833333334,12302.421875,21.066666666666666
2023-08-12 00:00:00+00:00,7386.153645833333,10942.526041666666,21.666666666666668
2023-08-13 00:00:00+00:00,7261.083333333333,10045.513020833334,21.016666666666666
2023-08-14 00:00:00+00:00,8658.067708333334,12467.872395833334,22.925
2023-08-15 00:00:00+00:00,9048.815104166666,12576.640625,22.558333333333334
2023-08-16 00:00:00+00:00,8914.075520833334,12719.575520833334,21.320833333333333
2023-08-17 00:00:00+00:00,9108.729166666666,12949.895833333334,21.283333333333335
2023-08-18 00:00:00+00:00,9702.783854166666,12684.565104166666,23.825
2023-08-19 00:00:00+00:00,8337.213541666666,11031.5234375,24.337500000000002
2023-08-20 00:00:00+00:00,7594.5390625,10220.984375,24.724999999999998
2023-08-21 00:00:00+00:00,10119.997395833334,12900.770833333334,24.891666666666666
2023-08-22 00:00:00+00:00,10927.697916666666,13042.315104166666,23.375
2023-08-23 00:00:00+00:00,11184.783854166666,12935.065104166666,22.412499999999998
2023-08-24 00:00:00+00:00,11348.416666666666,13152.880208333334,22.795833333333334
2023-08-25 00:00:00+00:00,10526.721354166666,12999.770833333334,22.116666666666664
2023-08-26 00:00:00+00:00,9012.244791666666,10900.5234375,19.4375
2023-08-27 00:00:00+00:00,7288.697916666667,10200.252604166666,16.912499999999998
2023-08-28 00:00:00+00:00,9642.979166666666,12778.575520833334,14.866666666666667
2023-08-29 00:00:00+00:00,9396.158854166666,13032.598958333334,16.125
2023-08-30 00:00:00+00:00,10215.783854166666,12913.627604166666,15.795833333333334
2023-08-31 00:00:00+00:00,11232.372395833334,13020.453125,15.458333333333334
2023-09-01 00:00:00+00:00,9286.8125,12918.088541666666,17.154166666666665
2023-09-02 00:00:00+00:00,7646.151041666667,10718.291666666666,18.0625
2023-09-03 00:00:00+00:00,7466.283854166667,10171.276041666666,18.8625
2023-09-04 00:00:00+00:00,9600.403645833334,12646.768229166666,18.95
2023-09-05 00:00:00+00:00,10325.919270833334,13079.377604166666,20.1375
2023-09-06 00:00:00+00:00,10605.515625,13132.3671875,20.295833333333334
2023-09-07 00:00:00+00:00,11753.270833333334,13262.294270833334,20.8
2023-09-08 00:00:00+00:00,10722.546875,12957.263020833334,20.766666666666666
2023-09-09 00:00:00+00:00,8654.791666666666,11059.838541666666,21.0
2023-09-10 00:00:00+00:00,7995.515625,10372.1484375,21.679166666666664
2023-09-11 00:00:00+00:00,10330.111979166666,13187.315104166666,21.733333333333334
2023-09-12 00:00:00+00:00,10885.0703125,13651.395833333334,22.020833333333332
2023-09-13 00:00:00+00:00,11080.783854166666,13675.747395833334,19.529166666666665
2023-09-14 00:00:00+00:00,10586.692708333334,13200.5546875,15.658333333333333
2023-09-15 00:00:00+00:00,10751.4375,12852.822916666666,17.425
2023-09-16 00:00:00+00:00,8221.627604166666,10942.286458333334,20.495833333333334
2023-09-17 00:00:00+00:00,8038.205729166667,10389.770833333334,21.929166666666664
2023-09-18 00:00:00+00:00,11482.166666666666,13416.817708333334,20.266666666666666
2023-09-19 00:00:00+00:00,13048.817708333334,13195.921875,17.645833333333332
2023-09-20 00:00:00+00:00,12314.252604166666,13196.614583333334,18.558333333333334
2023-09-21 00:00:00+00:00,11389.403645833334,13588.739583333334,18.712500000000002
2023-09-22 00:00:00+00:00,10426.6953125,13029.171875,15.633333333333333
2023-09-23 00:00:00+00:00,9054.2578125,10935.822916666666,13.450000000000001
2023-09-24 00:00:00+00:00,8240.270833333334,10072.630208333334,13.125
2023-09-25 00:00:00+00:00,11034.375,12971.546875,14.025
2023-09-26 00:00:00+00:00,10219.080729166666,13205.25,15.629166666666665
2023-09-27 00:00:00+00:00,10504.877604166666,13305.0,17.070833333333333
2023-09-28 00:00:00+00:00,10702.588541666666,13425.919270833334,18.808333333333334
2023-09-29 00:00:00+00:00,11350.864583333334,13207.955729166666,19.037499999999998
2023-09-30 00:00:00+00:00,8756.752604166666,11082.216145833334,15.583333333333334
2023-10-01 00:00:00+00:00,7966.783854166667,10176.1796875,15.024999999999999
2023-10-02 00:00:00+00:00,9674.020833333334,11796.346354166666,17.087500000000002
2023-10-03 00:00:00+00:00,12595.614583333334,11083.565104166666,16.441666666666666
2023-10-04 00:00:00+00:00,12915.90625,13374.2890625,13.041666666666666
2023-10-05 00:00:00+00:00,11847.158854166666,13729.817708333334,11.945833333333333
2023-10-06 00:00:00+00:00,13405.1015625,13449.236979166666,12.420833333333334
2023-10-07 00:00:00+00:00,11016.307291666666,11466.479166666666,14.65
2023-10-08 00:00:00+00:00,7245.546875,10518.4453125,16.295833333333334
2023-10-09 00:00:00+00:00,11297.0625,13465.666666666666,15.708333333333334
2023-10-10 00:00:00+00:00,11950.151041666666,13741.5390625,15.466666666666667
2023-10-11 00:00:00+00:00,14108.341145833334,13867.0859375,17.724999999999998
2023-10-12 00:00:00+00:00,11942.044270833334,14041.098958333334,16.279166666666665
2023-10-13 00:00:00+00:00,13581.872395833334,13626.567708333334,19.391666666666666
2023-10-14 00:00:00+00:00,12359.1328125,11624.703125,14.85
2023-10-15 00:00:00+00:00,11599.3671875,11361.549479166666,7.5375000000000005
2023-10-16 00:00:00+00:00,11878.1875,13907.255208333334,5.7124999999999995
2023-10-17 00:00:00+00:00,11362.041666666666,14153.0546875,6.9125000000000005
2023-10-18 00:00:00+00:00,12503.408854166666,14412.200520833334,9.095833333333333
2023-10-19 00:00:00+00:00,12693.546875,14578.1796875,13.808333333333332
2023-10-20 00:00:00+00:00,12987.143229166666,14254.625,14.0875
2023-10-21 00:00:00+00:00,10422.5625,11738.8203125,14.2875
2023-10-22 00:00:00+00:00,10385.778645833334,11267.768229166666,12.279166666666667
2023-10-23 00:00:00+00:00,11419.953125,13969.268229166666,11.033333333333333
2023-10-24 00:00:00+00:00,12227.747395833334,14476.359375,11.299999999999999
2023-10-25 00:00:00+00:00,12747.208333333334,14342.5234375,10.570833333333333
2023-10-26 00:00:00+00:00,11610.309895833334,14529.791666666666,10.6625
2023-10-27 00:00:00+00:00,11226.442708333334,14095.729166666666,10.583333333333334
2023-10-28 00:00:00+00:00,9150.109375,11863.471354166666,11.166666666666666
2023-10-29 00:00:00+00:00,12026.528645833334,11738.341145833334,12.5625
2023-10-30 00:00:00+00:00,11953.817708333334,13625.302083333334,12.733333333333334
2023-10-31 00:00:00+00:00,11622.6640625,13558.434895833334,11.3375
2023-11-01 00:00:00+00:00,10255.239583333334,12463.046875,12.379166666666668
2023-11-02 00:00:00+00:00,13342.8828125,14412.658854166666,11.283333333333333
2023-11-03 00:00:00+00:00,12068.453125,14121.723958333334,8.479166666666666
2023-11-04 00:00:00+00:00,12207.205729166666,12493.533854166666,8.720833333333333
2023-11-05 00:00:00+00:00,11073.6015625,11692.953125,10.270833333333334
2023-11-06 00:00:00+00:00,14759.638020833334,14649.872395833334,9.954166666666667
2023-11-07 00:00:00+00:00,13843.291666666666,14922.7890625,8.275
2023-11-08 00:00:00+00:00,14685.013020833334,15114.520833333334,8.745833333333334
2023-11-09 00:00:00+00:00,13870.239583333334,15115.348958333334,8.325000000000001
2023-11-10 00:00:00+00:00,13043.924479166666,14676.286458333334,8.1625
2023-11-11 00:00:00+00:00,10287.283854166666,12400.940104166666,6.570833333333333
2023-11-12 00:00:00+00:00,8502.611979166666,11806.169270833334,5.7749999999999995
2023-11-13 00:00:00+00:00,12756.9921875,14758.583333333334,9.887500000000001
2023-11-14 00:00:00+00:00,14594.171875,15009.575520833334,11.1
2023-11-15 00:00:00+00:00,13591.091145833334,15029.328125,9.666666666666666
2023-11-16 00:00:00+00:00,14019.625,15172.864583333334,6.941666666666666
2023-11-17 00:00:00+00:00,12801.471354166666,14876.8671875,5.7749999999999995
2023-11-18 00:00:00+00:00,10413.3125,12728.5234375,5.308333333333334
2023-11-19 00:00:00+00:00,12600.705729166666,12092.083333333334,11.241666666666667
2023-11-20 00:00:00+00:00,12956.7578125,14516.895833333334,10.229166666666666
2023-11-21 00:00:00+00:00,12867.216145833334,15102.963541666666,8.420833333333333
2023-11-22 00:00:00+00:00,13684.9453125,15290.046875,1.9000000000000001
2023-11-23 00:00:00+00:00,16821.559895833332,15456.53125,5.45
2023-11-24 00:00:00+00:00,15922.890625,15242.299479166666,6.229166666666667
2023-11-25 00:00:00+00:00,12266.127604166666,13215.307291666666,3.1666666666666665
2023-11-26 00:00:00+00:00,11306.653645833334,12336.2109375,3.1833333333333336
2023-11-27 00:00:00+00:00,14389.40625,15441.278645833334,2.075
2023-11-28 00:00:00+00:00,14453.013020833334,16030.5703125,0.375
2023-11-29 00:00:00+00:00,15571.005208333334,16080.489583333334,0.44583333333333336
2023-11-30 00:00:00+00:00,12365.223958333334,15879.505208333334,1.3916666666666666
2023-12-01 00:00:00+00:00,12566.239583333334,15669.354166666666,0.6124999999999999
2023-12-02 00:00:00+00:00,11632.96875,13670.609375,-2.779166666666667
2023-12-03 00:00:00+00:00,11971.7265625,13058.234375,-2.920833333333333
2023-12-04 00:00:00+00:00,15520.502604166666,16126.5546875,-1.2625
2023-12-05 00:00:00+00:00,15679.950520833334,16295.299479166666,3.029166666666667
2023-12-06 00:00:00+00:00,13420.614583333334,16075.3359375,1.9000000000000001
2023-12-07 00:00:00+00:00,12764.127604166666,15738.4453125,0.6749999999999999
2023-12-08 00:00:00+00:00,13444.291666666666,15502.8671875,1.8625
2023-12-09 00:00:00+00:00,12815.091145833334,13153.854166666666,6.045833333333333
2023-12-10 00:00:00+00:00,13137.166666666666,12400.138020833334,8.75
2023-12-11 00:00:00+00:00,14185.684895833334,14886.455729166666,9.108333333333333
2023-12-12 00:00:00+00:00,12812.713541666666,15033.799479166666,7.295833333333333
2023-12-13 00:00:00+00:00,13603.809895833334,15303.5703125,6.679166666666667
2023-12-14 00:00:00+00:00,11802.809895833334,14933.5390625,4.429166666666666
2023-12-15 00:00:00+00:00,12389.002604166666,14692.59375,2.6625
2023-12-16 00:00:00+00:00,12997.2734375,13053.091145833334,3.0500000000000003
2023-12-17 00:00:00+00:00,13125.1484375,12443.838541666666,4.075
2023-12-18 00:00:00+00:00,14656.471354166666,15106.713541666666,2.9583333333333335
2023-12-19 00:00:00+00:00,13842.419270833334,15165.528645833334,2.7416666666666667
2023-12-20 00:00:00+00:00,14900.166666666666,14745.286458333334,5.7124999999999995
2023-12-21 00:00:00+00:00,15870.5390625,14441.916666666666,8.5375
2023-12-22 00:00:00+00:00,15283.942708333334,13919.65625,7.566666666666666
2023-12-23 00:00:00+00:00,11993.075520833334,12451.700520833334,8.333333333333334
2023-12-24 00:00:00+00:00,13265.098958333334,11404.223958333334,9.137500000000001
2023-12-25 00:00:00+00:00,12170.763020833334,11016.473958333334,9.674999999999999
2023-12-26 00:00:00+00:00,12780.161458333334,11237.135416666666,8.070833333333333
2023-12-27 00:00:00+00:00,10164.609375,12075.0859375,5.904166666666666
2023-12-28 00:00:00+00:00,14416.450520833334,12547.1953125,8.366666666666667
2023-12-29 00:00:00+00:00,14648.513020833334,12349.375,9.470833333333333
2023-12-30 00:00:00+00:00,11812.994791666666,11471.119791666666,7.691666666666666
2023-12-31 00:00:00+00:00,11613.109375,10976.026041666666,6.591666666666666
2024-01-01 00:00:00+00:00,11419.856770833334,10617.705729166666,6.641666666666667
2024-01-02 00:00:00+00:00,12525.432291666666,13321.611979166666,8.229166666666666
2024-01-03 00:00:00+00:00,14382.184895833334,14107.072916666666,9.0625
2024-01-04 00:00:00+00:00,11968.182291666666,14400.2109375,7.083333333333333
2024-01-05 00:00:00+00:00,12671.104166666666,14244.098958333334,6.016666666666667
2024-01-06 00:00:00+00:00,10637.6640625,12980.174479166666,4.466666666666667
2024-01-07 00:00:00+00:00,10925.276041666666,12852.393229166666,1.0833333333333333
2024-01-08 00:00:00+00:00,14003.354166666666,15682.0078125,-3.2583333333333333
2024-01-09 00:00:00+00:00,13673.135416666666,15999.885416666666,-3.9375
2024-01-10 00:00:00+00:00,13490.786458333334,16024.3203125,-3.5
2024-01-11 00:00:00+00:00,13441.6875,16164.346354166666,-2.6083333333333334
2024-01-12 00:00:00+00:00,13610.614583333334,16005.3515625,-0.3541666666666667
2024-01-13 00:00:00+00:00,14263.5078125,14408.21875,-0.08333333333333331
2024-01-14 00:00:00+00:00,14241.807291666666,13605.825520833334,-1.0208333333333333
2024-01-15 00:00:00+00:00,15774.934895833334,16383.5546875,0.22916666666666666
2024-01-16 00:00:00+00:00,14915.783854166666,16239.526041666666,-1.7249999999999999
2024-01-17 00:00:00+00:00,13904.375,16572.315104166668,-2.25
2024-01-18 00:00:00+00:00,13146.6796875,16331.5234375,-1.0
2024-01-19 00:00:00+00:00,16198.1796875,16542.731770833332,-3.15
2024-01-20 00:00:00+00:00,14491.690104166666,14440.434895833334,-5.254166666666666
2024-01-21 00:00:00+00:00,14350.614583333334,13739.080729166666,-1.6583333333333332
2024-01-22 00:00:00+00:00,16186.591145833334,16042.776041666666,5.3999999999999995
2024-01-23 00:00:00+00:00,16279.940104166666,16036.244791666666,6.0625
2024-01-24 00:00:00+00:00,16776.96875,15656.4609375,9.504166666666666
2024-01-25 00:00:00+00:00,13381.299479166666,15282.252604166666,6.166666666666667
2024-01-26 00:00:00+00:00,14469.494791666666,15173.005208333334,7.2250000000000005
2024-01-27 00:00:00+00:00,12023.341145833334,13260.869791666666,1.5875000000000001
2024-01-28 00:00:00+00:00,11077.822916666666,11886.598958333334,1.0125
2024-01-29 00:00:00+00:00,12602.369791666666,14562.067708333334,1.7125000000000001
2024-01-30 00:00:00+00:00,13264.7265625,15109.841145833334,2.1708333333333334
2024-01-31 00:00:00+00:00,13763.838541666666,15792.0546875,4.4624999999999995
2024-02-01 00:00:00+00:00,14788.7578125,15691.794270833334,4.958333333333333
2024-02-02 00:00:00+00:00,14951.5703125,15442.174479166666,4.8999999999999995
2024-02-03 00:00:00+00:00,14597.4609375,13443.455729166666,8.258333333333333
2024-02-04 00:00:00+00:00,14970.3203125,12793.393229166666,9.2125
2024-02-05 00:00:00+00:00,17288.736979166668,15101.546875,8.679166666666667
2024-02-06 00:00:00+00:00,17315.692708333332,15573.4609375,7.629166666666666
2024-02-07 00:00:00+00:00,13806.208333333334,15561.765625,7.0
2024-02-08 00:00:00+00:00,12294.307291666666,15253.135416666666,6.883333333333333
2024-02-09 00:00:00+00:00,13266.369791666666,15105.729166666666,10.9
2024-02-10 00:00:00+00:00,9915.625,12678.653645833334,10.104166666666666
2024-02-11 00:00:00+00:00,10023.786458333334,12121.622395833334,8.1
2024-02-12 00:00:00+00:00,11331.708333333334,14368.736979166666,6.679166666666667
2024-02-13 00:00:00+00:00,13180.880208333334,14968.153645833334,4.583333333333333
2024-02-14 00:00:00+00:00,12699.747395833334,14839.6171875,8.508333333333335
2024-02-15 00:00:00+00:00,12024.065104166666,14579.8515625,10.270833333333334
2024-02-16 00:00:00+00:00,12818.75,14601.799479166666,11.299999999999999
2024-02-17 00:00:00+00:00,9900.15625,12515.786458333334,9.495833333333334
2024-02-18 00:00:00+00:00,10890.0390625,11976.390625,7.445833333333333
2024-02-19 00:00:00+00:00,13248.653645833334,14777.2890625,9.0375
2024-02-20 00:00:00+00:00,13009.630208333334,15022.1015625,7.3625
2024-02-21 00:00:00+00:00,13705.177083333334,15194.096354166666,8.025
2024-02-22 00:00:00+00:00,13745.927083333334,15191.322916666666,9.633333333333333
2024-02-23 00:00:00+00:00,14298.880208333334,15013.026041666666,5.7749999999999995
2024-02-24 00:00:00+00:00,10815.020833333334,12676.205729166666,4.058333333333334
2024-02-25 00:00:00+00:00,9967.565104166666,12070.5546875,5.070833333333334
2024-02-26 00:00:00+00:00,10954.671875,14617.044270833334,6.641666666666667
2024-02-27 00:00:00+00:00,10885.018229166666,14895.598958333334,7.283333333333334
2024-02-28 00:00:00+00:00,11140.911458333334,14970.768229166666,4.1875
2024-02-29 00:00:00+00:00,13255.260416666666,15134.638020833334,3.8666666666666667
2024-03-01 00:00:00+00:00,11299.846354166666,14538.067708333334,5.091666666666667
2024-03-02 00:00:00+00:00,10782.216145833334,12304.6015625,7.854166666666667
2024-03-03 00:00:00+00:00,10522.239583333334,11605.5,8.733333333333333
2024-03-04 00:00:00+00:00,11312.3515625,14762.979166666666,8.0875
2024-03-05 00:00:00+00:00,12991.380208333334,15264.080729166666,6.879166666666666
2024-03-06 00:00:00+00:00,11960.846354166666,14903.578125,6.145833333333333
2024-03-07 00:00:00+00:00,12322.971354166666,14831.947916666666,4.7
2024-03-08 00:00:00+00:00,13857.049479166666,14359.096354166666,5.170833333333333
2024-03-09 00:00:00+00:00,12854.486979166666,12665.453125,6.654166666666666
2024-03-10 00:00:00+00:00,12492.515625,12224.90625,9.120833333333334
2024-03-11 00:00:00+00:00,12528.861979166666,14667.723958333334,8.2125
2024-03-12 00:00:00+00:00,10749.0546875,14713.21875,7.3625
2024-03-13 00:00:00+00:00,11563.611979166666,14836.091145833334,8.295833333333333
2024-03-14 00:00:00+00:00,12067.091145833334,14560.098958333334,10.608333333333333
2024-03-15 00:00:00+00:00,12743.372395833334,14376.544270833334,11.362499999999999
2024-03-16 00:00:00+00:00,11755.197916666666,12656.927083333334,9.095833333333333
2024-03-17 00:00:00+00:00,8983.677083333334,11486.28125,7.420833333333333
2024-03-18 00:00:00+00:00,11158.5390625,14310.5234375,9.570833333333335
2024-03-19 00:00:00+00:00,11326.7578125,14445.127604166666,8.795833333333333
2024-03-20 00:00:00+00:00,10857.549479166666,14117.583333333334,10.325
2024-03-21 00:00:00+00:00,11670.385416666666,14264.986979166666,9.933333333333334
2024-03-22 00:00:00+00:00,11506.890625,14243.130208333334,10.012500000000001
2024-03-23 00:00:00+00:00,11359.651041666666,12304.520833333334,6.366666666666666
2024-03-24 00:00:00+00:00,12673.674479166666,11849.408854166666,5.675
2024-03-25 00:00:00+00:00,11459.002604166666,13806.627604166666,6.183333333333334
2024-03-26 00:00:00+00:00,12614.510416666666,14358.114583333334,7.625
2024-03-27 00:00:00+00:00,10159.984375,14231.453125,8.85
2024-03-28 00:00:00+00:00,12195.4375,14078.114583333334,7.920833333333333
2024-03-29 00:00:00+00:00,10766.213541666666,11615.096354166666,8.85
2024-03-30 00:00:00+00:00,8552.1796875,11155.7734375,11.679166666666667
2024-03-31 00:00:00+00:00,6900.369791666667,9349.3515625,11.754166666666668
2024-04-01 00:00:00+00:00,8431.770833333334,10526.6015625,9.004166666666666
2024-04-02 00:00:00+00:00,13593.9453125,13459.614583333334,9.870833333333334
2024-04-03 00:00:00+00:00,11015.833333333334,13504.135416666666,9.995833333333334
2024-04-04 00:00:00+00:00,12798.28125,13548.674479166666,11.137500000000001
2024-04-05 00:00:00+00:00,12992.841145833334,13141.880208333334,15.075000000000001
2024-04-06 00:00:00+00:00,11111.544270833334,11033.252604166666,16.875
2024-04-07 00:00:00+00:00,10250.1328125,10468.3671875,17.720833333333335
2024-04-08 00:00:00+00:00,9997.213541666666,12745.317708333334,17.9375
2024-04-09 00:00:00+00:00,12036.958333333334,13567.994791666666,12.487499999999999
2024-04-10 00:00:00+00:00,11156.1328125,13519.690104166666,9.620833333333334
2024-04-11 00:00:00+00:00,11463.520833333334,13637.450520833334,10.379166666666666
2024-04-12 00:00:00+00:00,10916.2890625,13199.721354166666,12.924999999999999
2024-04-13 00:00:00+00:00,10942.833333333334,11071.1953125,15.174999999999999
2024-04-14 00:00:00+00:00,10567.700520833334,10587.192708333334,15.35
2024-04-15 00:00:00+00:00,11328.109375,13132.510416666666,11.450000000000001
2024-04-16 00:00:00+00:00,11979.934895833334,13785.46875,6.958333333333333
2024-04-17 00:00:00+00:00,10236.372395833334,13455.786458333334,6.6625000000000005
2024-04-18 00:00:00+00:00,11283.390625,13454.4296875,6.491666666666667
2024-04-19 00:00:00+00:00,13294.0390625,13720.015625,6.554166666666667
2024-04-20 00:00:00+00:00,9428.182291666666,11321.416666666666,6.55
2024-04-21 00:00:00+00:00,9097.6953125,10812.450520833334,5.366666666666667
2024-04-22 00:00:00+00:00,10679.736979166666,13195.286458333334,4.5874999999999995
2024-04-23 00:00:00+00:00,11264.619791666666,13491.7890625,5.304166666666666
2024-04-24 00:00:00+00:00,11721.013020833334,13571.9609375,5.845833333333334
2024-04-25 00:00:00+00:00,11041.473958333334,13376.21875,6.091666666666666
2024-04-26 00:00:00+00:00,10874.184895833334,13008.830729166666,8.079166666666667
2024-04-27 00:00:00+00:00,9837.796875,10907.442708333334,12.358333333333334
2024-04-28 00:00:00+00:00,10779.252604166666,10569.0625,12.391666666666666
2024-04-29 00:00:00+00:00,9916.828125,12540.643229166666,13.754166666666665
2024-04-30 00:00:00+00:00,10577.895833333334,12614.221354166666,17.508333333333333
2024-05-01 00:00:00+00:00,11049.1328125,9849.450520833334,18.662499999999998
2024-05-02 00:00:00+00:00,12743.8828125,12664.9921875,16.670833333333334
2024-05-03 00:00:00+00:00,9836.705729166666,12903.182291666666,12.604166666666666
2024-05-04 00:00:00+00:00,7798.302083333333,10764.778645833334,12.820833333333333
2024-05-05 00:00:00+00:00,9240.411458333334,10371.643229166666,14.558333333333332
2024-05-06 00:00:00+00:00,9274.143229166666,13008.953125,14.158333333333333
2024-05-07 00:00:00+00:00,9290.8984375,13323.317708333334,13.345833333333333
2024-05-08 00:00:00+00:00,9314.203125,12884.927083333334,12.833333333333334
2024-05-09 00:00:00+00:00,8455.361979166666,10293.575520833334,14.091666666666667
2024-05-10 00:00:00+00:00,8498.481770833334,11213.5546875,15.545833333333334
2024-05-11 00:00:00+00:00,8446.252604166666,10391.4453125,16.466666666666665
2024-05-12 00:00:00+00:00,10012.627604166666,10111.934895833334,17.445833333333333
2024-05-13 00:00:00+00:00,12181.283854166666,13012.247395833334,17.520833333333332
2024-05-14 00:00:00+00:00,13274.526041666666,13383.440104166666,18.900000000000002
2024-05-15 00:00:00+00:00,13178.872395833334,13222.3203125,17.29583333333333
2024-05-16 00:00:00+00:00,12562.9921875,13349.411458333334,16.462500000000002
2024-05-17 00:00:00+00:00,11586.518229166666,13002.890625,14.766666666666666
2024-05-18 00:00:00+00:00,8098.9375,10875.515625,14.566666666666668
2024-05-19 00:00:00+00:00,7438.3203125,9762.010416666666,14.2125
2024-05-20 00:00:00+00:00,8510.106770833334,9909.283854166666,15.704166666666666
2024-05-21 00:00:00+00:00,11378.130208333334,12947.2890625,16.258333333333333
2024-05-22 00:00:00+00:00,10507.9375,13311.302083333334,15.554166666666667
2024-05-23 00:00:00+00:00,10109.682291666666,12548.010416666666,15.799999999999999
2024-05-24 00:00:00+00:00,9926.052083333334,12259.403645833334,14.891666666666666
2024-05-25 00:00:00+00:00,8161.21875,10112.375,15.962499999999999
2024-05-26 00:00:00+00:00,8446.817708333334,10089.981770833334,17.095833333333335
2024-05-27 00:00:00+00:00,9586.971354166666,12313.966145833334,17.208333333333332
2024-05-28 00:00:00+00:00,10175.497395833334,12445.513020833334,15.3375
2024-05-29 00:00:00+00:00,10864.640625,13310.111979166666,15.887500000000001
2024-05-30 00:00:00+00:00,8407.309895833334,11348.359375,15.725
2024-05-31 00:00:00+00:00,8501.59375,12120.778645833334,15.304166666666667
2024-06-01 00:00:00+00:00,8572.0859375,11133.817708333334,16.329166666666666
2024-06-02 00:00:00+00:00,9297.9140625,10872.1015625,17.270833333333332
2024-06-03 00:00:00+00:00,9886.291666666666,13029.033854166666,14.920833333333334
2024-06-04 00:00:00+00:00,10156.2890625,13016.192708333334,15.445833333333333
2024-06-05 00:00:00+00:00,11298.841145833334,13493.783854166666,16.0625
2024-06-06 00:00:00+00:00,10787.526041666666,13066.6796875,15.916666666666666
2024-06-07 00:00:00+00:00,10144.145833333334,12692.166666666666,16.1125
2024-06-08 00:00:00+00:00,10296.0234375,10832.625,17.3625
2024-06-09 00:00:00+00:00,9878.526041666666,10344.908854166666,16.3625
2024-06-10 00:00:00+00:00,10914.895833333334,12948.578125,14.625
2024-06-11 00:00:00+00:00,12089.169270833334,13350.393229166666,12.816666666666668
2024-06-12 00:00:00+00:00,11113.8671875,13496.932291666666,13.237499999999999
2024-06-13 00:00:00+00:00,10231.651041666666,13150.682291666666,14.454166666666666
2024-06-14 00:00:00+00:00,10055.942708333334,13015.9453125,15.491666666666667
2024-06-15 00:00:00+00:00,10602.627604166666,10894.302083333334,16.933333333333334
2024-06-16 00:00:00+00:00,9475.713541666666,10473.127604166666,16.724999999999998
2024-06-17 00:00:00+00:00,9924.372395833334,13030.705729166666,18.291666666666668
2024-06-18 00:00:00+00:00,10343.455729166666,13421.583333333334,20.45
2024-06-19 00:00:00+00:00,10092.033854166666,13544.028645833334,17.791666666666668
2024-06-20 00:00:00+00:00,10001.216145833334,13234.796875,19.795833333333334
2024-06-21 00:00:00+00:00,10284.966145833334,13089.90625,20.354166666666668
2024-06-22 00:00:00+00:00,9629.453125,11173.6484375,17.104166666666668
2024-06-23 00:00:00+00:00,7984.966145833333,10351.2734375,19.120833333333334
2024-06-24 00:00:00+00:00,9915.208333333334,12803.239583333334,20.970833333333335
2024-06-25 00:00:00+00:00,11356.2265625,13221.427083333334,22.375
2024-06-26 00:00:00+00:00,11014.572916666666,13420.473958333334,23.429166666666664
2024-06-27 00:00:00+00:00,10263.278645833334,13684.598958333334,24.3625
2024-06-28 00:00:00+00:00,10955.786458333334,13280.231770833334,22.2375
2024-06-29 00:00:00+00:00,8644.473958333334,11066.033854166666,23.354166666666668
2024-06-30 00:00:00+00:00,8019.0234375,10990.15625,19.554166666666667
2024-07-01 00:00:00+00:00,10147.369791666666,13322.513020833334,17.266666666666666
2024-07-02 00:00:00+00:00,10521.864583333334,13613.018229166666,15.604166666666666
2024-07-03 00:00:00+00:00,10094.346354166666,13602.221354166666,14.2875
2024-07-04 00:00:00+00:00,12056.252604166666,13877.955729166666,17.158333333333335
2024-07-05 00:00:00+00:00,11600.463541666666,13254.307291666666,17.462500000000002
2024-07-06 00:00:00+00:00,11674.684895833334,11592.395833333334,18.599999999999998
2024-07-07 00:00:00+00:00,9331.955729166666,10543.640625,16.645833333333332
2024-07-08 00:00:00+00:00,10485.963541666666,13011.0546875,18.933333333333334
2024-07-09 00:00:00+00:00,11779.2421875,13611.5078125,23.866666666666664
2024-07-10 00:00:00+00:00,10384.1484375,13963.606770833334,22.358333333333334
2024-07-11 00:00:00+00:00,10446.356770833334,13541.7265625,21.383333333333336
2024-07-12 00:00:00+00:00,10614.9921875,13237.78125,20.504166666666666
2024-07-13 00:00:00+00:00,9639.59375,11227.981770833334,17.316666666666666
2024-07-14 00:00:00+00:00,9319.252604166666,10757.4296875,18.654166666666665
2024-07-15 00:00:00+00:00,10639.268229166666,13076.234375,21.670833333333334
2024-07-16 00:00:00+00:00,11249.236979166666,13426.041666666666,20.7
2024-07-17 00:00:00+00:00,10772.286458333334,13434.25,19.916666666666668
2024-07-18 00:00:00+00:00,10148.153645833334,13354.682291666666,21.59166666666667
2024-07-19 00:00:00+00:00,10082.083333333334,13093.997395833334,23.34583333333333
2024-07-20 00:00:00+00:00,9345.252604166666,11390.161458333334,24.733333333333334
2024-07-21 00:00:00+00:00,8605.2578125,10876.489583333334,23.241666666666664
2024-07-22 00:00:00+00:00,10238.786458333334,13213.979166666666,22.754166666666666
2024-07-23 00:00:00+00:00,10266.869791666666,13325.75,20.258333333333333
2024-07-24 00:00:00+00:00,10515.065104166666,13125.611979166666,19.316666666666666
2024-07-25 00:00:00+00:00,9933.880208333334,13118.9140625,20.400000000000002
2024-07-26 00:00:00+00:00,9295.208333333334,13026.919270833334,20.758333333333333
2024-07-27 00:00:00+00:00,7448.919270833333,11113.21875,20.320833333333333
2024-07-28 00:00:00+00:00,8882.5859375,10360.052083333334,19.55
2024-07-29 00:00:00+00:00,9850.731770833334,12174.942708333334,20.2
2024-07-30 00:00:00+00:00,10181.924479166666,12719.122395833334,23.004166666666666
2024-07-31 00:00:00+00:00,10162.776041666666,13106.807291666666,24.420833333333334
2024-08-01 00:00:00+00:00,10283.1328125,13705.7421875,22.316666666666666
2024-08-02 00:00:00+00:00,9318.072916666666,12965.890625,21.495833333333334
2024-08-03 00:00:00+00:00,7867.494791666667,11116.744791666666,20.729166666666668
2024-08-04 00:00:00+00:00,8612.856770833334,10684.653645833334,19.416666666666668
2024-08-05 00:00:00+00:00,9239.0078125,12854.4296875,19.716666666666665
2024-08-06 00:00:00+00:00,10197.434895833334,13123.9609375,22.025000000000002
2024-08-07 00:00:00+00:00,9732.252604166666,13388.231770833334,20.904166666666665
2024-08-08 00:00:00+00:00,9310.356770833334,13140.013020833334,20.325
2024-08-09 00:00:00+00:00,11574.322916666666,13117.828125,21.650000000000002
2024-08-10 00:00:00+00:00,9471.8671875,11132.658854166666,22.170833333333334
2024-08-11 00:00:00+00:00,8189.385416666667,10503.809895833334,23.041666666666668
2024-08-12 00:00:00+00:00,10273.6015625,13216.708333333334,25.433333333333334
2024-08-13 00:00:00+00:00,11335.145833333334,13729.4765625,26.599999999999998
2024-08-14 00:00:00+00:00,10204.247395833334,13625.981770833334,24.27916666666667
2024-08-15 00:00:00+00:00,9549.455729166666,13190.135416666666,23.0
2024-08-16 00:00:00+00:00,10129.5546875,12978.557291666666,23.3
2024-08-17 00:00:00+00:00,7816.424479166667,11166.755208333334,21.391666666666666
2024-08-18 00:00:00+00:00,6843.263020833333,10616.7578125,20.2375
2024-08-19 00:00:00+00:00,9109.283854166666,12793.416666666666,19.033333333333335
2024-08-20 00:00:00+00:00,10025.34375,13318.278645833334,20.008333333333333
2024-08-21 00:00:00+00:00,11814.268229166666,13441.578125,18.916666666666668
2024-08-22 00:00:00+00:00,11325.111979166666,13275.393229166666,18.0625
2024-08-23 00:00:00+00:00,12568.901041666666,13412.315104166666,21.224999999999998
2024-08-24 00:00:00+00:00,10719.213541666666,11509.901041666666,25.183333333333334
2024-08-25 00:00:00+00:00,9557.122395833334,10755.609375,19.212500000000002
2024-08-26 00:00:00+00:00,9802.4921875,13072.739583333334,17.083333333333332
2024-08-27 00:00:00+00:00,10442.109375,13310.453125,20.087500000000002
2024-08-28 00:00:00+00:00,11226.830729166666,13603.158854166666,23.02916666666667
2024-08-29 00:00:00+00:00,10911.4921875,13947.106770833334,25.275000000000002
2024-08-30 00:00:00+00:00,10339.466145833334,13469.911458333334,23.21666666666667
2024-08-31 00:00:00+00:00,9458.2734375,11174.776041666666,23.90416666666667
2024-09-01 00:00:00+00:00,10462.950520833334,10972.880208333334,25.508333333333336
2024-09-02 00:00:00+00:00,11088.221354166666,13662.375,23.708333333333332
2024-09-03 00:00:00+00:00,10605.236979166666,14024.044270833334,23.833333333333332
2024-09-04 00:00:00+00:00,10717.010416666666,14272.033854166666,21.804166666666664
2024-09-05 00:00:00+00:00,13468.981770833334,14363.627604166666,24.758333333333336
2024-09-06 00:00:00+00:00,12301.473958333334,13847.8203125,20.354166666666668
2024-09-07 00:00:00+00:00,9389.5703125,11577.611979166666,21.833333333333332
2024-09-08 00:00:00+00:00,8215.166666666666,11018.450520833334,19.599999999999998
2024-09-09 00:00:00+00:00,10640.135416666666,13602.432291666666,16.695833333333333
2024-09-10 00:00:00+00:00,12277.236979166666,14013.528645833334,16.458333333333332
2024-09-11 00:00:00+00:00,10989.869791666666,13768.416666666666,13.379166666666668
2024-09-12 00:00:00+00:00,9868.973958333334,13483.46875,10.387500000000001
2024-09-13 00:00:00+00:00,10126.5625,13155.671875,11.558333333333332
2024-09-14 00:00:00+00:00,9595.591145833334,11299.111979166666,12.020833333333334
2024-09-15 00:00:00+00:00,8592.8515625,10745.7265625,12.370833333333332
2024-09-16 00:00:00+00:00,10285.861979166666,13472.822916666666,14.6
2024-09-17 00:00:00+00:00,10953.002604166666,13788.9375,17.150000000000002
2024-09-18 00:00:00+00:00,11314.911458333334,13588.020833333334,19.395833333333332
